strain,strain_rate
0.059052798914500465,1
0.05914411464163583,1
0.05923247676144167,1
0.05929727068732837,1
0.05937089505290359,1
0.05943568001103694,1
0.05952990518571767,1
0.059615289082072184,1
0.05967122630286065,1
0.05975071065552465,1
0.05982724517262924,1
0.059918490211243465,1
0.05999501188898919,1
0.060047985005145216,1
0.06013038205302313,1
0.060215714695900535,1
0.06030986640379379,1
0.0603804743678131,1
0.06045401902931276,1
0.060512850864412396,1
0.06061285704134782,1
0.06069226658729922,1
0.06074814359906996,1
0.060824601819101064,1
0.06089517344933505,1
0.06099220130963822,1
0.06108040028658727,1
0.06113625561542061,1
0.061209744716285076,1
0.06128322841689845,1
0.06136846274522283,1
0.061441934784002034,1
0.06150952429237281,1
0.06158004760476453,1
0.06167407095200618,1
0.06175633412958534,1
0.06182977767723541,1
0.0618973409774641,1
0.06196489971320144,1
0.06205594991864118,1
0.06214111841281102,1
0.06220572415628414,1
0.062276198389171755,1
0.06234960376747011,1
0.06244355478969697,1
0.06253162585723396,1
0.06259033559337977,1
0.06266078272723796,1
0.06273709485562028,1
0.06281927063552936,1
0.06291024308707947,1
0.06297479916138839,1
0.06304228514706899,1
0.06313323731362684,1
0.06321538054800423,1
0.06328285030031311,1
0.06335031550076162,1
0.06341777614996412,1
0.06351162687458992,1
0.06360840121011156,1
0.06367291223125549,1
0.0637432831446404,1
0.06380778546528039,1
0.06389280489520294,1
0.06398954235128858,1
0.06404230429235387,1
0.0641067873289411,1
0.064185919918567,1
0.06426211575362233,1
0.06435881749183825,1
0.06442328012258038,1
0.0644906684301487,1
0.06457855939852937,1
0.06466644264276661,1
0.06472795631859424,1
0.06480118195169911,1
0.06487733092255331,1
0.06496518791485498,1
0.0650559653652129,1
0.06510867107120347,1
0.0651760132088147,1
0.06525506123638813,1
0.0653282482834844,1
0.06540728427856668,1
0.06547753325266789,1
0.0655536307394388,1
0.06564435479059341,1
0.06572629202086826,1
0.06578481450375967,1
0.06586381442333801,1
0.06593403133510989,1
0.06601594483450039,1
0.06610370185292426,1
0.0661768268191367,1
0.06624702175635551,1
0.066340607341904,1
0.06641663918173572,1
0.066489741268833,1
0.06655699046954307,1
0.06663300585977255,1
0.06672070874583841,1
0.06681425001368309,1
0.06687563171581692,1
0.06694870025852652,1
0.0670188410369426,1
0.06709774353249405,1
0.0671854056709804,1
0.0672438428276788,1
0.06731396290834567,1
0.06740452740274352,1
0.0674892416019165,1
0.06756226532443536,1
0.06763236308162796,1
0.06769369458866449,1
0.06778130450265839,1
0.06787182668430487,1
0.06792730397147974,1
0.06799737614584782,1
0.06809371736901804,1
0.06817253510304891,1
0.06825426545132408,1
0.06832139609780298,1
0.06837976691007845,1
0.06846731674057954,1
0.06855194095803853,1
0.0686132160936289,1
0.06868907534557638,1
0.06877076348946297,1
0.06885827909646874,1
0.06894578704516326,1
0.06900703805327187,1
0.06906536885895356,1
0.06914994248398985,1
0.06923450895693295,1
0.06930448959565153,1
0.0693773808870698,1
0.06944443618293263,1
0.0695318928554952,1
0.06962225671584239,1
0.06967180762431013,1
0.06974758661782651,1
0.06983210256734806,1
0.06990786941530841,1
0.06999819930888264,1
0.07006521298989632,1
0.07013222218037769,1
0.07022835795912957,1
0.07030700763168153,1
0.07036526266056345,1
0.07043225174864852,1
0.07050506088535377,1
0.07058368879917723,1
0.07067686943281472,1
0.07074092608220804,1
0.07081371274888737,1
0.07089231639875744,1
0.07096218112321302,1
0.07104659448677195,1
0.07111644843383946,1
0.07118629750167368,1
0.07127069194973326,1
0.07135216948671241,1
0.07141618289463338,1
0.07149473920427306,1
0.07156747102607718,1
0.07164892438680061,1
0.0717332798023957,1
0.07179145180539039,1
0.07187288692491235,1
0.07194849931258404,1
0.07203282946226178,1
0.0721113373472562,1
0.0721694873626824,1
0.07224798452010799,1
0.07232647551621348,1
0.07240496035196624,1
0.07247762600425231,1
0.07255609897834556,1
0.07262003536747264,1
0.07270430890781046,1
0.0727856697256476,1
0.07284959143900378,1
0.07292803523043594,1
0.07300066288446384,1
0.07308199959525212,1
0.07316913873036421,1
0.07323013160728638,1
0.07330564144393062,1
0.07338985722805103,1
0.07346245134999181,1
0.07354084708298117,1
0.07361052701983294,1
0.07367729907023865,1
0.07376438634916459,1
0.07383985585661676,1
0.07390951496239621,1
0.07398787565671197,1
0.07405752445268661,1
0.0741416769428519,1
0.07421711798281343,1
0.07428965207749635,1
0.07436218091136618,1
0.07444340696060484,1
0.07451592464407365,1
0.07459713820678326,1
0.07466964474327924,1
0.07473924607269276,1
0.07482044150143476,1
0.0748929318493766,1
0.07497411480100138,1
0.07504369494285702,1
0.07511037136943106,1
0.07520313117667311,1
0.07527269538591556,1
0.07534805115211651,1
0.07542340124025385,1
0.07549874565118316,1
0.0755740843857599,1
0.07565231475685795,1
0.07572184772710272,1
0.07579716965595915,1
0.07587248591184968,1
0.07594779649562923,1
0.07603758247198904,1
0.07610419266482117,1
0.07617659001626802,1
0.07625477326916565,1
0.07633005506924698,1
0.0764053312024053,1
0.07647481183470704,1
0.07654718236024989,1
0.07662823113139229,1
0.07670927333416373,1
0.07677583880204963,1
0.07685686904373755,1
0.07692053105634682,1
0.07700444297203286,1
0.07709413413071459,1
0.07715488808733466,1
0.07723299489409342,1
0.07731109560065517,1
0.07738919020797312,1
0.07746149459210858,1
0.07753090188279398,1
0.07760608767849757,1
0.07768415925282152,1
0.07776511592947852,1
0.07783450215055934,1
0.07791255589493819,1
0.0779848224487077,1
0.07805708378040001,1
0.0781409003839401,1
0.07821026053656029,1
0.07828828495824376,1
0.07836630329259202,1
0.07844142630656249,1
0.07851365465217489,1
0.07859165540622165,1
0.07865520707808536,1
0.078736085183271,1
0.07881984489691943,1
0.07888627002643671,1
0.07897001716211714,1
0.0790450948386716,1
0.07911727959703553,1
0.07919523328392362,1
0.07925874661019545,1
0.07933668927041804,1
0.07941462585605559,1
0.07949255636805512,1
0.07957336678109804,1
0.07964839917492637,1
0.07971188372655924,1
0.07979267641832716,1
0.07987057747536841,1
0.07993693284880757,1
0.08001482266936873,1
0.08008693746461552,1
0.08017058411238079,1
0.08024557171062066,1
0.08031478604147553,1
0.08038687920894905,1
0.08046473399251595,1
0.0805425827151874,1
0.08061177649238803,1
0.0806896137692757,1
0.08075303225636253,1
0.0808423878441008,1
0.08092308925469,1
0.08098649293731225,1
0.08105853769731203,1
0.08109023574745237,1
0.08116515441750796,1
0.08123718630749757,1
0.08133226045820398,1
0.08141004167695978,1
0.08145613139636786,1
0.08156846618873148,1
0.08166350884999762,1
0.08174414402483246,1
0.08178733876544736,1
0.08188523993717241,1
0.08197161536514438,1
0.0820407103362094,1
0.08211555783446674,1
0.08219615656795887,1
0.08227387062344853,1
0.08234294471407225,1
0.08241776959510685,1
0.08248395616932827,1
0.0825731572300169,1
0.08265371909149984,1
0.08271413622869529,1
0.0827946867339056,1
0.08286947782229466,1
0.08294426331739514,1
0.08302479528863124,1
0.0830938175310761,1
0.08316571063468936,1
0.0832433493816389,1
0.0833238572714556,1
0.08340148374154578,1
0.08347047998990219,1
0.08354234602015437,1
0.08362570414539207,1
0.08370043310922357,1
0.08376078704194721,1
0.08384125328640112,1
0.0839188396048111,1
0.08399354666696193,1
0.08407686719101015,1
0.08414007123379146,1
0.08421188916101344,1
0.08428944672959374,1
0.08436412611093853,1
0.08443592794938358,1
0.08451633988830237,1
0.08458238771556818,1
0.08466853050015825,1
0.08474892373798179,1
0.0848149562058833,1
0.08488672568235571,1
0.08495849000834,1
0.0850359896962274,1
0.08512209341682236,1
0.08518810124881904,1
0.0852627135518485,1
0.08534879775372896,1
0.08541765978007851,1
0.0854922549578218,1
0.08556397584311791,1
0.08562708596743697,1
0.0857217436866296,1
0.08579344811526918,1
0.0858680152673261,1
0.08593970920878853,1
0.08601426545577633,1
0.08609741778946592,1
0.08617482926446547,1
0.0862293004141212,1
0.08630383507420601,1
0.08638696333399254,1
0.08645862008100746,1
0.08654746731684201,1
0.0866076496693885,1
0.08667642506616352,1
0.08676238766102604,1
0.08683401751236755,1
0.08690564223324077,1
0.08697726182438074,1
0.08704601180650422,1
0.08713194263796654,1
0.08721213808577223,1
0.08727514428331183,1
0.08734960103542819,1
0.08742405224414913,1
0.08750422427045416,1
0.08758152692326215,1
0.08764164707770312,1
0.08772180166158633,1
0.08779336282565932,1
0.08787064313138424,1
0.08795077936302086,1
0.08801660074955797,1
0.08809100231774844,1
0.08815681447556681,1
0.08824837201238968,1
0.08831989550574196,1
0.08839427451258768,1
0.08846006671509116,1
0.08854587612672007,1
0.08862309830210725,1
0.08869173522994514,1
0.08877180569199451,1
0.08884043241412329,1
0.08891763184746074,1
0.08900054311958147,1
0.08906057802560911,1
0.08913776046635642,1
0.08921493695043413,1
0.0892863913475537,1
0.08936355636211771,1
0.08943785778588131,1
0.08950643881582385,1
0.08958358685294474,1
0.08966358593871215,1
0.089732151490263,1
0.08980642553294763,1
0.08986641207884027,1
0.08995781322998735,1
0.09003207051437528,1
0.09010632228502859,1
0.09018056854276577,1
0.09023196656909295,1
0.09033189961403593,1
0.09040898399720645,1
0.0904803531283746,1
0.09055171716635337,1
0.0906316388431527,1
0.09070299208597393,1
0.09077434023787297,1
0.09084853691617882,1
0.09091416785062989,1
0.09099976694447309,1
0.09107394689937148,1
0.09114526859018218,1
0.09121658519457207,1
0.09127078241255673,1
0.09137061170455035,1
0.09144761606389086,1
0.09152176280603089,1
0.09159020107331478,1
0.09167289106430888,1
0.09174131898977199,1
0.09181259310005174,1
0.09188671278627436,1
0.09194657467636011,1
0.09203778590452552,1
0.09211473890765436,1
0.092188836203137,1
0.09226007842529747,1
0.09233701432490855,1
0.09240824599168838,1
0.09248517049317731,1
0.09255639160770385,1
0.09262760765014445,1
0.09271021190601977,1
0.09278711318333084,1
0.09285261701461633,1
0.09292950734199355,1
0.09299784933675197,1
0.09307472849840846,1
0.09315160175011361,1
0.09322562225952241,1
0.09329109737402046,1
0.0933708004232736,1
0.09344765091921073,1
0.09352164951896333,1
0.09359279685516586,1
0.09365255670595472,1
0.09373507634354106,1
0.09381758917219889,1
0.09388871545694732,1
0.09396552616269069,1
0.09403095285139813,1
0.09411344127106626,1
0.09418739062148339,1
0.0942641783900829,1
0.09432389813387448,1
0.0944006754214843,1
0.09448597660580078,1
0.09455705536820724,1
0.09463097192213746,1
0.09470488301281457,1
0.09478163105613237,1
0.09485837320964026,1
0.09492374151030082,1
0.09499763096602495,1
0.09506014854911561,1
0.09514823487377057,1
0.09523063118587202,1
0.09529881610339473,1
0.09536699637205123,1
0.0954493746617258,1
0.09552038498239557,1
0.09559423036723462,1
0.0956652304027644,1
0.09573622539764721,1
0.09581289433129082,1
0.09589239664683766,1
0.09596053645840069,1
0.09603151049187054,1
0.09608544738855328,1
0.09618195878548871,1
0.0962585935541532,1
0.0963153562633389,1
0.09637495364050432,1
0.09642887201660957,1
0.096499812819377,1
0.09659628423553869,1
0.09665019067949966,1
0.09671827887643708,1
0.09680338260374802,1
0.09688847908903088,1
0.09698207685977037,1
0.09706432221472681,1
0.09714088939608516,1
0.09721745071535928,1
0.09729684144823417,1
0.0973450398897327,1
0.0974130807936822,1
0.09745843882447117,1
0.09756899040610922,1
0.09765969026898785,1
0.0977362118800034,1
0.09781272763591026,1
0.09788640394192678,1
0.097968574956856,1
0.09802807389085094,1
0.09810740029638648,1
0.09818105489600791,1
0.09825470407102883,1
0.09834534176390841,1
0.09840198615046472,1
0.0984756190564773,1
0.09855774167125098,1
0.09862570011468882,1
0.09869931655044079,1
0.09877009647445284,1
0.0988323786637484,1
0.09892296401502672,1
0.09900788033004936,1
0.09907014771186763,1
0.0991409013942725,1
0.0992144799139059,1
0.09928805302013906,1
0.0993644501323655,1
0.09943235377711956,1
0.09950591085603142,1
0.09958229132699671,1
0.09966149454268848,1
0.09973786313147663,1
0.0998057414257212,1
0.09987644308313884,1
0.09995279525900078,1
0.10002631406712438,1
0.10009700013196156,1
0.10017050833946878,1
0.10024118421287544,1
0.10032316196868125,1
0.1004051330046857,1
0.10046166083900623,1
0.10054079443917416,1
0.10061144414805623,1
0.10068774022774626,1
0.10076968138556408,1
0.10083466442642611,1
0.10090529337726234,1
0.10099286634890925,1
0.10106630873480293,1
0.10113692132731726,1
0.10120470472549425,1
0.10127530754653004,1
0.10136002435241827,1
0.10143626334192142,1
0.10150120308210053,1
0.10158025446554092,1
0.1016451848559506,1
0.10172140210903313,1
0.10180043608803996,1
0.10186252983267949,1
0.10194155265902845,1
0.1020121034775179,1
0.10209393619174296,1
0.10216729775990763,1
0.10224065394654741,1
0.1023055414725075,1
0.10238452929996018,1
0.10245786955363753,1
0.10252556347559541,1
0.10260171366071939,1
0.10266375767250514,1
0.10275117679225018,1
0.10283012942916829,1
0.10290061758789183,1
0.10297110077838487,1
0.10303030281946296,1
0.10311768990342578,1
0.10319097640859409,1
0.10326707594118252,1
0.10332907868623306,1
0.10341643966608417,1
0.10348688651044685,1
0.10355451081239263,1
0.10363058268626282,1
0.10368692849175498,1
0.10377707517737593,1
0.10385594686163714,1
0.10392354621158251,1
0.10399677368430986,1
0.10407844415526993,1
0.1041460284667242,1
0.10421923965004676,1
0.10429244547388432,1
0.10435720000496444,1
0.10444165613568517,1
0.10451766055523792,1
0.10458240050473538,1
0.10466120869970262,1
0.10472875363822004,1
0.10480473624105485,1
0.10488071307097216,1
0.10495387048888562,1
0.10502139566314034,1
0.10510016927064657,1
0.10517331063605971,1
0.10524925946908606,1
0.10532238993105006,1
0.10537864049357039,1
0.10546582261285428,1
0.10553893723974919,1
0.10560923472467466,1
0.1056823388671816,1
0.10574700346179222,1
0.10582853112150169,1
0.105904430209484,1
0.10597751277595142,1
0.10603653710382899,1
0.10610117879915017,1
0.10617705719702837,1
0.10626416973946291,1
0.10632036735276514,1
0.10638218107992783,1
0.10645241931399888,1
0.10656198110906784,1
0.10662939778629393,1
0.10669961865905582,1
0.1067473660361189,1
0.1068316205522108,1
0.10692990851636715,1
0.10700010829091423,1
0.10705626456260167,1
0.10711241768093954,1
0.1071910267496591,1
0.10728927939659433,1
0.1073650677002497,1
0.10741559004517097,1
0.10749136877692378,1
0.10758678567869709,1
0.10765693935737446,1
0.1077298939628064,1
0.10779723195183896,1
0.10787578720848853,1
0.10795433629469449,1
0.10801604910573266,1
0.10808336782905854,1
0.10815068202087877,1
0.10824323163665367,1
0.10831614348345894,1
0.10838624601545084,1
0.10844793217870326,1
0.10853484713247566,1
0.10861054109900192,1
0.10866660701010154,1
0.1087338819544149,1
0.1087703206596116,1
0.1088572075987376,1
0.10896090148327334,1
0.10901974998622661,1
0.10908980321269664,1
0.10914584226071983,1
0.10923549820608995,1
0.10932514611399193,1
0.10938677438906388,1
0.10944559783610679,1
0.10951282039602325,1
0.10961364576377113,1
0.10968365739973375,1
0.10974246338620008,1
0.10979286576520293,1
0.10987406425495574,1
0.10996645451708792,1
0.11003924083329245,1
0.11012601759453035,1
0.11020998793625501,1
0.1102911525647544,1
0.1103555198275869,1
0.11042268125009093,1
0.11048144379486197,1
0.11055419263790747,1
0.1106549130688524,1
0.11072205438736511,1
0.11079478572901072,1
0.11086471472313875,1
0.11094023254468119,1
0.11101574466371292,1
0.11107447236992363,1
0.11114997435328466,1
0.11119191743652687,1
0.11127020648532697,1
0.11135408080809098,1
0.11142676619780056,1
0.111493855714809,1
0.11153578437738865,1
0.11163640599546933,1
0.11173701748985844,1
0.11180408619618416,1
0.11185438477414208,1
0.1119186514978326,1
0.1120332036757764,1
0.1120946652888279,1
0.11216450344591107,1
0.112198024028949,1
0.11227623435331034,1
0.11235164565917656,1
0.1124298439701329,1
0.11249128121061484,1
0.11255829935021622,1
0.11265881813893792,1
0.11275932682464809,1
0.11282074382656859,1
0.11287657419160188,1
0.11292123623947595,1
0.11301055435157373,1
0.11311660924903706,1
0.11319195721014286,1
0.11325613803265623,1
0.11334263610254748,1
0.11342075696113546,1
0.11348492310124327,1
0.11355745378035753,1
0.11361882178477302,1
0.11370807761435363,1
0.11378338102437856,1
0.11385031262867047,1
0.11391723975342256,1
0.11400089236092312,1
0.11407896181489484,1
0.11414587363907558,1
0.11422393177570024,1
0.11427410878906331,1
0.11435773155011261,1
0.1144441343908689,1
0.11451380866367179,1
0.11458626475809709,1
0.11464478315588002,1
0.11472558864735365,1
0.1148008154771774,1
0.11486767901985571,1
0.11493175238666836,1
0.11498746502091546,1
0.11509331047550905,1
0.1151629395336927,1
0.1152409183235014,1
0.11529661373644166,1
0.11538015104007317,1
0.11545532864720526,1
0.11552214844259454,1
0.11559731537586074,1
0.11565299094320922,1
0.11573928194714715,1
0.11581721580917131,1
0.11589236056723372,1
0.11595636831497594,1
0.11603706789691233,1
0.11610941370992998,1
0.11618453651488403,1
0.11625408963610832,1
0.11632085608154324,1
0.1163987446341908,1
0.11647106428708781,1
0.11654059748295899,1
0.11660734480266176,1
0.11666018327130397,1
0.11675472935285641,1
0.11683258412038805,1
0.11690487240610287,1
0.11696881538011232,1
0.11704943330263202,1
0.11712170591495709,1
0.11719119388592254,1
0.11724678078632778,1
0.11729124808202882,1
0.11735794531828686,1
0.11742463810632006,1
0.11750799783694968,1
0.11756912389000396,1
0.11764135895404677,1
0.11771636676739575,1
0.1177941467057666,1
0.11786081040962672,1
0.11793302440750837,1
0.11801078749674183,1
0.11807465979659675,1
0.11816074209410302,1
0.1182190516986834,1
0.11829956889678384,1
0.11837452735733865,1
0.11844392832981307,1
0.1185188759705935,1
0.11858549138042786,1
0.11865487771384585,1
0.11874368519593458,1
0.11884635901655932,1
0.11890462865795387,1
0.11894902229635287,1
0.11902670642164097,1
0.11909051386743663,1
0.11917928267191782,1
0.1192403066543619,1
0.11930687402472577,1
0.11940671677248109,1
0.11950654955265733,1
0.11957864480715709,1
0.1196451896597985,1
0.11972559211572109,1
0.11979767158059001,1
0.1198642018602081,1
0.11993072771384233,1
0.11998339087611128,1
0.12005545176204774,1
0.12015799099378623,1
0.12022726830674088,1
0.12029931162142955,1
0.12036026729559053,1
0.1204433826819587,1
0.12052095081036178,1
0.12058189297626527,1
0.12063729172260569,1
0.1206843782440976,1
0.12076192768190305,1
0.12083670180178431,1
0.12089485558532737,1
0.12096685082259664,1
0.1210416096216728,1
0.12113020540623258,1
0.12121325682618277,1
0.12128246107424388,1
0.12133228516752496,1
0.12140978437873251,1
0.12147620749400108,1
0.12154262619753226,1
0.12161457481518133,1
0.12169205215309876,1
0.12177229021115957,1
0.12185805480952248,1
0.12190231753091257,1
0.12197700643093186,1
0.12205445569478768,1
0.12216785272418364,1
0.12224252179504463,1
0.12231995049845673,1
0.1223780180919169,1
0.12246373075822785,1
0.12253561313657026,1
0.12259366820873378,1
0.12266830549230295,1
0.12272635286173682,1
0.12282861860073051,1
0.12289494754255952,1
0.12296403551229877,1
0.12303588193783187,1
0.12311324923913322,1
0.1231850849453782,1
0.12324862761499285,1
0.12332045359724407,1
0.12337293855271984,1
0.12347237617778932,1
0.12354970971738398,1
0.12361046758899924,1
0.12368502902282247,1
0.12375958489765296,1
0.12383413521431917,1
0.12390315833018821,1
0.12396113406597861,1
0.12402186694622637,1
0.12406327361353386,1
0.12415988250355912,1
0.12425924191145876,1
0.12433651462622568,1
0.12439446524403684,1
0.12448000525680972,1
0.12455174285175487,1
0.12461519874234506,1
0.1246924439573183,1
0.12475313244059384,1
0.12483864177978278,1
0.1249075955986794,1
0.12496551313240167,1
0.12502066956986124,1
0.12507582296525618,1
0.12515854735521098,1
0.12525505049508434,1
0.12533500318519045,1
0.1254039227877445,1
0.12548662004141586,1
0.12555552919574878,1
0.12562443360193712,1
0.12567955370866368,1
0.1257236476066264,1
0.12578702917886883,1
0.12585591763608409,1
0.1259661292976915,1
0.12603776036466688,1
0.12609285769411313,1
0.1261644796842985,1
0.12623609654514178,1
0.12631321665975848,1
0.1263682988148067,1
0.1264371472422669,1
0.1265170054801686,1
0.12660787089066042,1
0.12666293681835633,1
0.12672075277915665,1
0.1268005883729349,1
0.12686114905475662,1
0.12694647833637723,1
0.12700703018391504,1
0.12707858673150732,1
0.12716940113033032,1
0.12727121352869192,1
0.12733999982208702,1
0.12740603021259828,1
0.1274472969927086,1
0.12751607117545763,1
0.12758759130840558,1
0.12765085485473346,1
0.12772786594436844,1
0.12779662083458704,1
0.12789836939747642,1
0.12798910938211297,1
0.12806334506393985,1
0.12812657852050782,1
0.1282035529842675,1
0.12828327029024972,1
0.12834923842766313,1
0.12842069899932318,1
0.12849765082751674,1
0.12856910079470765,1
0.12863779787222354,1
0.12870649023077535,1
0.12876418816561735,1
0.12884386079357862,1
0.12892627407425075,1
0.12898945299009423,1
0.1290636144506145,1
0.1291212917843996,1
0.12920642843564212,1
0.12928331982659036,1
0.12934098449011242,1
0.12940413721126054,1
0.12944532161994748,1
0.12951670391058062,1
0.12960729717297467,1
0.12968415774792943,1
0.1297472888011549,1
0.1297994375348445,1
0.12987079455324924,1
0.12995312324786454,1
0.1300162373238336,1
0.1300848350626046,1
0.13016714613815503,1
0.1302604238341538,1
0.1303344911009822,1
0.13039483815140113,1
0.13043872462806477,1
0.13051552132803862,1
0.1306032817640449,1
0.13066361259640935,1
0.13072393978918387,1
0.1308116819370034,1
0.1309021579643451,1
0.13098166044335643,1
0.1310529331547102,1
0.13109953179650527,1
0.131181759397068,1
0.13127220194898004,1
0.13132701163605773,1
0.13139277929538307,1
0.13145854262960785,1
0.13155443974030148,1
0.13162567164126449,1
0.1316968984686052,1
0.1317379885613785,1
0.13180372919815508,1
0.13187494334460148,1
0.13195710721226528,1
0.13203378739841665,1
0.13208307869905983,1
0.13216522546799978,1
0.13224736548940236,1
0.13229664626388699,1
0.13236782531756416,1
0.13243899930514427,1
0.13251016822734837,1
0.13259227992119454,1
0.13265796442213915,1
0.13272090802059067,1
0.13280573877644242,1
0.13287688160390732,1
0.13295075533731432,1
0.13301368050972948,1
0.13307386610022287,1
0.13317234379920706,1
0.13326534161109024,1
0.13332824699184576,1
0.13337473973009864,1
0.13344310747750365,1
0.13351420497681582,1
0.13359896846622404,1
0.1336591188421819,1
0.13371926560028982,1
0.13382041335400752,1
0.13391335091916487,1
0.1339762155511336,1
0.13403634324049932,1
0.13408007019844906,1
0.13416478573874585,1
0.13426862080503393,1
0.13434512395536172,1
0.13440249747749694,1
0.13448718570875198,1
0.13456094058309476,1
0.13462376451903516,1
0.13469204692964923,1
0.1347548626297713,1
0.1348504441684065,1
0.1349241722565203,1
0.13498424297615833,1
0.13506069140081198,1
0.13512348394926815,1
0.1352108409363812,1
0.13527635366907723,1
0.1353418621101363,1
0.1353991784760214,1
0.1354510333097905,1
0.13555200605951442,1
0.1356311397368021,1
0.13570481029030584,1
0.13575392097761985,1
0.13583303867888277,1
0.13591487799016863,1
0.1359830723003347,1
0.136048534463228,1
0.13608944613901686,1
0.13618490020727342,1
0.13627216452549448,1
0.13633215432724624,1
0.13640304672624748,1
0.13647666043697057,1
0.1365557209796671,1
0.13662387160347605,1
0.1366892918330699,1
0.1367383541967955,1
0.13679013963610429,1
0.13687735115680144,1
0.13697545502707775,1
0.13705175138396375,1
0.13709534668875623,1
0.13716890945622082,1
0.1372533637385798,1
0.13733236290095746,1
0.1374004606184844,1
0.13744676441771939,1
0.1375230248252593,1
0.13760472595169096,1
0.13766463586897879,1
0.1377327109640038,1
0.13778172216307247,1
0.13786884725297552,1
0.13797502069419718,1
0.13804307466374358,1
0.1380947925833337,1
0.13818189040240492,1
0.13825809477167375,1
0.13832612948028689,1
0.1383941595604933,1
0.13843225438395573,1
0.13850571887411112,1
0.13860638366994865,1
0.13868255569907234,1
0.138745121239897,1
0.13881040284845905,1
0.13889471861922986,1
0.13896542959088248,1
0.13902797743660544,1
0.13908780215021252,1
0.13916393751893485,1
0.13925094227162432,1
0.1393189094679628,1
0.13938959045208904,1
0.13943308395933085,1
0.1395037568742375,1
0.1395798605818838,1
0.13965324081518427,1
0.1397211806748466,1
0.13978096393337813,1
0.1398706321203883,1
0.13995757541168136,1
0.1400146278388021,1
0.1400635273286271,1
0.14011514086279397,1
0.14019119805784128,1
0.14028354544705607,1
0.1403432950960445,1
0.14040575682128498,1
0.1404790764773671,1
0.1405496755101897,1
0.14062298461534908,1
0.1406827139870139,1
0.1407505839427751,1
0.1408320218097995,1
0.14091616730555442,1
0.1409867354880188,1
0.14105729869096614,1
0.14110343347782484,1
0.14117670200020782,1
0.14124996515470772,1
0.14131779662338012,1
0.14138562349125627,1
0.1414615841219831,1
0.14153753898313073,1
0.1416053509487136,1
0.1416731583161458,1
0.1417382490635189,1
0.14181418291432368,1
0.14189553421368437,1
0.1419524761857629,1
0.14202026002042897,1
0.14209888351289782,1
0.14218021165573316,1
0.14226966497403665,1
0.14233471690718624,1
0.14237808251176365,1
0.1424485476085333,1
0.14252442754483058,1
0.14258404345579276,1
0.14266533215264424,1
0.14273577701195977,1
0.1428333078561667,1
0.14292270277453137,1
0.14299042087763766,1
0.14302834101242132,1
0.14310417696845115,1
0.14319354767685463,1
0.14326124744196245,1
0.14333706573803673,1
0.1434047557880313,1
0.14349409963872956,1
0.14355636487512066,1
0.14362133316249828,1
0.14366734981241305,1
0.1437241909860091,1
0.14381350630296857,1
0.143905519801955,1
0.1439785833144754,1
0.1440299951789921,1
0.14411116642601643,1
0.14419233108480417,1
0.14423832146741167,1
0.14429783529357318,1
0.14435193569852778,1
0.14442226184960655,1
0.14450340126339176,1
0.14456289931620037,1
0.14463050644309894,1
0.14470622099925853,1
0.14477922603528662,1
0.14484952214415558,1
0.14491170304463613,1
0.14497928659482567,1
0.14506038082636713,1
0.1451333600124653,1
0.14519822592923265,1
0.14526849259124383,1
0.14533334974338905,1
0.1454063090118831,1
0.1454900704970503,1
0.1455468081623646,1
0.14561705033579442,1
0.14569269023587775,1
0.14576022102656735,1
0.1458412519561175,1
0.1459060719725613,1
0.14596818721255536,1
0.14604380055834693,1
0.14611130764324107,1
0.1461815101775814,1
0.14624900796705456,1
0.14632190046280433,1
0.1463947876456254,1
0.1464649702824699,1
0.14652435174359527,1
0.1466026219187849,1
0.14667548864422708,1
0.14674295310060378,1
0.14682390444079743,1
0.1468832645923452,1
0.1469534129561634,1
0.1470343472618317,1
0.14710178751316655,1
0.1471827098116198,1
0.14723665437280722,1
0.14731217186997753,1
0.14737959338798517,1
0.1474497069450095,1
0.1475171191911436,1
0.14758452689317308,1
0.14766001812544155,1
0.14772741619599505,1
0.14780559226741782,1
0.14786489417614804,1
0.14794036424690993,1
0.14801582862237042,1
0.14807511806536336,1
0.1481667402908235,1
0.14821793729015156,1
0.14828529776978377,1
0.14837690074101711,1
0.14845233218195505,1
0.14852775793341988,1
0.14858162998730484,1
0.1486381925205674,1
0.14871899059007615,1
0.14880786092696657,1
0.14887248893892374,1
0.14893442019793868,1
0.14898827034913606,1
0.14906096345368858,1
0.14914172737272088,1
0.14919825823522187,1
0.1492736277477514,1
0.14934091715548212,1
0.149410893336695,1
0.14949701114591113,1
0.149553521928049,1
0.14962079250513477,1
0.14969882070564236,1
0.1497687718474886,1
0.14984947862367334,1
0.1499032795226994,1
0.14997052657629503,1
0.15004583790799636,1
0.15012114356832815,1
0.1501856867638842,1
0.15025291482974454,1
0.1503201383762961,1
0.15039542338385997,1
0.15047070272401836,1
0.1505379116321813,1
0.15059973983849748,1
0.15067769169385822,1
0.1507448866924255,1
0.15081207717612813,1
0.1508873251585771,1
0.1509518189228587,1
0.15102705639115338,1
0.1510996014463664,1
0.15116139493523295,1
0.1512285574403123,1
0.15130377409116505,1
0.15137361305865119,1
0.1514407613126205,1
0.15150790505800435,1
0.15158041523967405,1
0.15165560543061202,1
0.15172004966623173,1
0.1517925444674466,1
0.1518596645977385,1
0.15193214927866977,1
0.15200194437639786,1
0.1520824711287706,1
0.15214151995948677,1
0.15221130044620718,1
0.15228644321750795,1
0.1523508468133975,1
0.1524206126952263,1
0.15249037371011642,1
0.152554764173911,1
0.1526298811417963,1
0.15269962755994365,1
0.15277741590326543,1
0.1528391058042458,1
0.15290883763175755,1
0.15298124630634835,1
0.1530482867008929,1
0.15311800394387234,1
0.15318771632669648,1
0.15326814765313285,1
0.15334321105493443,1
0.153428990901012,1
0.15349064062072648,1
0.15353620536220133,1
0.15360856862581604,1
0.15367824681978548,1
0.15374792015904246,1
0.15381758864426343,1
0.15388725227612468,1
0.1539542319612112,1
0.1540292438827839,1
0.15409889277204625,1
0.15416050120759983,1
0.15423817599935652,1
0.15430245402325798,1
0.15437743982955124,1
0.15444438669117425,1
0.15450865146205234,1
0.15458362180863788,1
0.15466126374281788,1
0.1547201604994975,1
0.15478976128547908,1
0.154872740507262,1
0.15493162481032963,1
0.1550279734640657,1
0.15507882040008042,1
0.1551376925698846,1
0.155217967216251,1
0.15528485783272664,1
0.15535709467327907,1
0.15541862564411002,1
0.1554935278031998,1
0.15556307478488884,1
0.1556379661256126,1
0.15570750306312695,1
0.15577168671396857,1
0.1558412143539076,1
0.1559160848680622,1
0.1559936234201355,1
0.15604976827387285,1
0.15611927658281716,1
0.1561967993819101,1
0.15625827870816966,1
0.15632509977607534,1
0.15639726151461647,1
0.15646941804621706,1
0.1565362250075272,1
0.15661905944158167,1
0.15667516919226868,1
0.15674196240984295,1
0.15682477980421472,1
0.1568888917864989,1
0.15697971005919775,1
0.1570304578546845,1
0.1570892152427751,1
0.15716399238023435,1
0.15724143423545955,1
0.15729750907669562,1
0.15737227064074238,1
0.15744168708873063,1
0.15751910744258024,1
0.15761520713006325,1
0.15767393017086598,1
0.1577353187539433,1
0.157796703568694,1
0.15787676505595896,1
0.1579728303804534,1
0.15804754147535258,1
0.15811157511437934,1
0.15818627584461373,1
0.15826097099506584,1
0.1583249909693197,1
0.15838633959893053,1
0.15841567891748698,1
0.15850102476826355,1
0.15860503017663857,1
0.15867169462118172,1
0.15873302198533765,1
0.15879434558867841,1
0.1588796591293221,1
0.15894630526900233,1
0.15899428773941576,1
0.15904759889532075,1
0.15910623788440142,1
0.1591835294803116,1
0.1592661449254492,1
0.15931677682488904,1
0.15938339383969877,1
0.15946332839998137,1
0.15952194301688488,1
0.1596018665035096,1
0.15966047300085584,1
0.15972706712434856,1
0.15980963767893674,1
0.15989752787484185,1
0.15995345397783253,1
0.16001203987409351,1
0.16008127332666033,1
0.16014783943415203,1
0.16022505056803582,1
0.16028362055519382,1
0.1603501731950288,1
0.16043003051665666,1
0.16049657341355963,1
0.16056577332948277,1
0.16062964592496745,1
0.1606988366332152,1
0.16077334435012036,1
0.16083986440660705,1
0.16090904057172092,1
0.16098087229397048,1
0.1610447183823552,1
0.16112186030091288,1
0.1611883571789091,1
0.16125484963536435,1
0.16132133767086698,1
0.1613931397842733,1
0.16145961862607675,1
0.16154470509525232,1
0.161608515196413,1
0.16167763821148015,1
0.1617414398309996,1
0.16180789552302047,1
0.161884978593357,1
0.16194876698601748,1
0.16201786648666822,1
0.1620843038117133,1
0.16216136557941563,1
0.16222247931076003,1
0.1622942167517568,1
0.16236594904686244,1
0.16243236325102545,1
0.16251205447414196,1
0.16257580288045342,1
0.16263954722316465,1
0.16271125475208745,1
0.16278030158711423,1
0.1628626204292797,1
0.16291307056397916,1
0.16298741349200946,1
0.1630564412624399,1
0.16313342815479592,1
0.16319448251044585,1
0.16326084171283253,1
0.16333781287124677,1
0.16339885474997545,1
0.16347846899247473,1
0.16353684874214838,1
0.16361114531286514,1
0.16368013004338774,1
0.16374645702748425,1
0.16382073802723457,1
0.16388705568619238,1
0.16395071650139068,1
0.16402498233065585,1
0.16409659058579212,1
0.16416023806364974,1
0.16423448833482993,1
0.1643007785614209,1
0.16436441304496902,1
0.1644519038485484,1
0.16451022679864566,1
0.16457649874959698,1
0.1646454169198997,1
0.16471963117649266,1
0.16479383992573807,1
0.1648547929932202,1
0.16492369198732218,1
0.16499788559557668,1
0.1650800220985421,1
0.16514625630005336,1
0.1652018896392734,1
0.1652654668087333,1
0.16533963506475377,1
0.1654111492451193,1
0.16547736151904505,1
0.16553827293929305,1
0.16562036507054365,1
0.16568656349372132,1
0.16575275753495786,1
0.16581894719483348,1
0.16588248514686768,1
0.1659539605176767,1
0.16602807772878586,1
0.1660889556143833,1
0.16615776963129641,1
0.16624245730584994,1
0.16630332214226795,1
0.16638005948229825,1
0.16643827008828715,1
0.16650970574661708,1
0.1665731998258154,1
0.16665256175593918,1
0.16671340163729387,1
0.16678217269845846,1
0.1668535837949797,1
0.16692498979232032,1
0.1670016794438829,1
0.1670545654322813,1
0.16712331303605782,1
0.1672079189839064,1
0.16728458694162865,1
0.16736917924642286,1
0.16744319164353316,1
0.16748812506938404,1
0.16757270015889902,1
0.16765726809607315,1
0.16770483441806902,1
0.1677629679614042,1
0.16781317148385239,1
0.16788715102854204,1
0.16797961776370005,1
0.16804830180393365,1
0.16809849100402077,1
0.16816980816599766,1
0.1682437613325475,1
0.16830714540837613,1
0.16836788471134523,1
0.1684312609204657,1
0.16850255435503064,1
0.16857912312372353,1
0.16863984590970357,1
0.16871112447560893,1
0.16877975829310163,1
0.1688510268873061,1
0.16891965110376328,1
0.16898299235477401,1
0.1690489685585009,1
0.1691386892106719,1
0.16920729369004361,1
0.16927061672460997,1
0.16932602109075218,1
0.169394612719962,1
0.1694658375093845,1
0.16953969489607995,1
0.1696003593832396,1
0.16967156952042828,1
0.16974804883478906,1
0.16982979611706697,1
0.16991944674336298,1
0.16997217865171665,1
0.1700249077795628,1
0.17008817906312085,1
0.1701567184363815,1
0.17024633975999026,1
0.17030432574848314,1
0.17036230837479616,1
0.17044137017481098,1
0.17051779064024872,1
0.17057576089098636,1
0.1706363625601856,1
0.17070486437287577,1
0.170773361493389,1
0.17085239080276668,1
0.17091560975372197,1
0.17097355694804042,1
0.1710499367558901,1
0.17111314321982554,1
0.17120004558507282,1
0.17124744369231737,1
0.17132116961622876,1
0.17138962453605794,1
0.1714528095338542,1
0.17155021191765715,1
0.17160812235129091,1
0.17166076529004254,1
0.17173709262908476,1
0.17180288738368743,1
0.17186604627569096,1
0.17193183254664637,1
0.17200813919943936,1
0.17208707098925868,1
0.17217915020375657,1
0.17222913251266025,1
0.17228174277062036,1
0.1723553924821046,1
0.1724237766433075,1
0.17249741589516598,1
0.17255264177560545,1
0.17262101244987213,1
0.17269463717940026,1
0.17276825648872665,1
0.17284975725974266,1
0.1729207363905937,1
0.17296542436992898,1
0.17304428063864893,1
0.17313101535269548,1
0.17321248656515054,1
0.17327818432133293,1
0.17333862244519446,1
0.17341482183011828,1
0.17348838814098488,1
0.17353305076087533,1
0.17358033841959342,1
0.1736512657152047,1
0.173714307977182,1
0.1737931052161675,1
0.17385088591217818,1
0.17391654174171733,1
0.17399794898411813,1
0.17406359515913616,1
0.17412398583430908,1
0.17419224916275047,1
0.17426050783162797,1
0.1743287618415774,1
0.1744022609504338,1
0.17446788059015314,1
0.17453874496495553,1
0.17460697998739463,1
0.1746725861953399,1
0.17474081208604228,1
0.17481428091692386,1
0.17487462627605604,1
0.17494808527678432,1
0.17501366911065525,1
0.1750792486435688,1
0.17515006970893077,1
0.17521826303178178,1
0.1752890742530295,1
0.17535725809768068,1
0.17542019290510788,1
0.17549098982940434,1
0.1755617817418513,1
0.1756273253408213,1
0.17569548612689886,1
0.17576626356465402,1
0.17582655150511842,1
0.1759104243329924,1
0.17597594508540368,1
0.17604146154512723,1
0.17610697371272566,1
0.1761698613561106,1
0.17624584531567122,1
0.1763165838125076,1
0.17638469763597245,1
0.17644756781692833,1
0.17651829204616187,1
0.17658377298402958,1
0.1766544875812542,1
0.17671995960180956,1
0.17678280870898017,1
0.1768587461104127,1
0.17692420475955278,1
0.1769922772096113,1
0.1770577271188556,1
0.17713626135589658,1
0.17720170184237827,1
0.1772723727580542,1
0.17733256996937108,1
0.17740061462763,1
0.17747388831272726,1
0.17754192335603428,1
0.1776099537708889,1
0.17767797955792117,1
0.17774338460485967,1
0.17780878537425757,1
0.17788987638850198,1
0.17795003644041485,1
0.1780154236964619,1
0.1780860371310896,1
0.1781540305409851,1
0.17822201932809137,1
0.17829000349303673,1
0.17835013947882086,1
0.17843118660777077,1
0.17849131410422367,1
0.17856189394377525,1
0.17862724120568302,1
0.17870042506971917,1
0.1787631498334763,1
0.17884677673211716,1
0.17890165308395103,1
0.17896697814802542,1
0.1790375244244523,1
0.1791080657244533,1
0.17917598968099768,1
0.17923868462310363,1
0.17931443576756995,1
0.17937712203067954,1
0.1794476393799354,1
0.17951292878831898,1
0.17957560261026756,1
0.17965393936434587,1
0.1797139933868737,1
0.17978709776429194,1
0.17985236501412302,1
0.17992023843543944,1
0.17999332773754728,1
0.1800559714592313,1
0.1801238310629573,1
0.18019690548668055,1
0.18025692691173764,1
0.1803326009653589,1
0.18040044180034906,1
0.18046045101047622,1
0.18053089201029787,1
0.18059871939484778,1
0.18066393369558442,1
0.18073957695678416,1
0.1808021739495408,1
0.1808725908830167,1
0.1809403950957706,1
0.1810081947114249,1
0.1810812045417095,1
0.18114378015392785,1
0.1812141730374972,1
0.18128195409428202,1
0.1813523372524033,1
0.18142010894523583,1
0.18148787604537725,1
0.18155042621584688,1
0.18162079048125337,1
0.18169375560135248,1
0.18175368725323002,1
0.1818240372182794,1
0.18189177695182762,1
0.18195951209701516,1
0.18202724265446357,1
0.1820923638645949,1
0.18216008542482137,1
0.1822278023991487,1
0.18229811901929205,1
0.18237624279864775,1
0.1824335296914224,1
0.18249862444988518,1
0.18257152554916192,1
0.1826418180048579,1
0.18270169286641513,1
0.1827745791638235,1
0.18283965172626077,1
0.1829125279694186,1
0.1829827964601453,1
0.18304785547520092,1
0.18311291025785625,1
0.18317535886787462,1
0.18324300712816932,1
0.18331325240127663,1
0.18338089133427227,1
0.18344592445566385,1
0.18352916068011674,1
0.18358638156575566,1
0.18365400202773324,1
0.1837164168575171,1
0.18378142816300597,1
0.18385943615106348,1
0.18392443815964837,1
0.18399203576671885,1
0.1840622284456514,1
0.18413241619791737,1
0.18420259902420852,1
0.1842727769252164,1
0.18432995527750767,1
0.18439492670959198,1
0.184467689702366,1
0.18453525059814527,1
0.18461579800878433,1
0.18467295675161938,1
0.18473530801788993,1
0.18480804624861633,1
0.1848703890927171,1
0.18493792278816062,1
0.18500804910646687,1
0.18507817050741723,1
0.18514309334664558,1
0.18521839856000927,1
0.18527811935234012,1
0.1853430292120407,1
0.18541312712847388,1
0.18547543226269655,1
0.18555330822190813,1
0.18562079581459942,1
0.1856804925809992,1
0.18575575733779323,1
0.18582323126952485,1
0.18589589041254223,1
0.18595038130544086,1
0.18602562575263085,1
0.1860878927379169,1
0.18616053265410165,1
0.1862201972096119,1
0.18628504594994794,1
0.18636026522064172,1
0.18642510487867428,1
0.1865080935066863,1
0.18656514419364395,1
0.1866299705691852,1
0.1867077566729963,1
0.18676998119985055,1
0.1868347942983413,1
0.1868970109210874,1
0.1869644078944704,1
0.18704475988808558,1
0.18713288045781615,1
0.1871924870285511,1
0.18724172455948027,1
0.18730391587033768,1
0.18736869437322543,1
0.18745937722813938,1
0.1875060109230651,1
0.18757077633628452,1
0.18764589896105266,1
0.1877106553152925,1
0.18777799747565446,1
0.18784015544497348,1
0.18790748888537517,1
0.18797481779228994,1
0.1880499100716736,1
0.18810946200810022,1
0.18817677731821625,1
0.18824667688292568,1
0.18832174875133156,1
0.18838387293241232,1
0.18845116977362755,1
0.18850810971753126,1
0.18855987048960637,1
0.188629743282334,1
0.1887177242991925,1
0.18878758606348917,1
0.1888522685308116,1
0.1889221208965714,1
0.18898938152636324,1
0.18905922431544694,1
0.1891213026997735,1
0.1891911362760439,1
0.18926096497592665,1
0.18932303083817076,1
0.18939802194917327,1
0.1894574936594032,1
0.18952213281136016,1
0.18960486482947395,1
0.18965915399685945,1
0.18972895002445972,1
0.18980391070244965,1
0.1898711120506374,1
0.18994864645656884,1
0.19000291696405014,1
0.190064936794911,1
0.19013728840308625,1
0.19020446735232924,1
0.19026905824012774,1
0.19034139508182943,1
0.19040339392453742,1
0.19048347007441568,1
0.1905609570179045,1
0.1906203596086497,1
0.19067459367514616,1
0.19074173653969262,1
0.1908114570508498,1
0.1908785907269344,1
0.19095088349200903,1
0.19100768128413928,1
0.191090290496146,1
0.1911470803710429,1
0.19120386702103304,1
0.19127613627565876,1
0.1913458195394445,1
0.19141291735259713,1
0.19148775191019846,1
0.19154967972303116,1
0.19161418378358408,1
0.19168900328158023,1
0.19174833890322207,1
0.1918257279016407,1
0.19188247602767808,1
0.19194695862578162,1
0.1920269112732241,1
0.19209138455874053,1
0.1921558536877204,1
0.19221774014156903,1
0.19228735782448853,1
0.19235181432088788,1
0.19242915663284282,1
0.19249102617577557,1
0.1925528918911046,1
0.19263279610918776,1
0.19271011669325444,1
0.1927874312993106,1
0.19284154796712863,1
0.192885354553327,1
0.19297038538993985,1
0.19303995069697646,1
0.19311723980723694,1
0.1931764907465748,1
0.1932254345269249,1
0.19330270930318846,1
0.19336194925462916,1
0.19342891193068862,1
0.1934932948908592,1
0.19356797393196343,1
0.19363492281394215,1
0.19371988994072695,1
0.19376365806749674,1
0.1938254451030515,1
0.1938975251531269,1
0.19395930391824054,1
0.19403652200790336,1
0.19410343952950926,1
0.19416263206611972,1
0.1942424077677701,1
0.19430416523079302,1
0.19437621078419856,1
0.19443281436361806,1
0.19449713272408817,1
0.19456916437688543,1
0.1946360462660665,1
0.19469777942450886,1
0.1947672246727456,1
0.1948366650986749,1
0.19489838587390745,1
0.19497296006175832,1
0.19503210115313435,1
0.1950989520884296,1
0.19516579855497598,1
0.19523778206050096,1
0.19531747204081334,1
0.19537402236804924,1
0.19543570998710666,1
0.1955076740667814,1
0.19557449321820305,1
0.19563873819201957,1
0.1957081181281409,1
0.19577492388784984,1
0.19584429437638734,1
0.19591622905972592,1
0.195970176676603,1
0.19603953362215085,1
0.1961037487273638,1
0.196178233083757,1
0.19624500744550882,1
0.19631434533291384,1
0.19637083931631968,1
0.19644273613414615,1
0.19651462778319184,1
0.19659678333964936,1
0.1966558284771069,1
0.19670716924117146,1
0.19677647509176802,1
0.19684577613939652,1
0.19690993949418684,1
0.196974098732305,1
0.19703825385427942,1
0.19711010270485704,1
0.1971845121441137,1
0.197246088182844,1
0.19730766043019904,1
0.19738205517129484,1
0.19744618412695109,1
0.19751287387855648,1
0.19758468863754627,1
0.19764111090178674,1
0.19772060959843457,1
0.19778984524969398,1
0.19785394806036788,1
0.19790779124594884,1
0.1979770139392263,1
0.19804366830049713,1
0.1981282616691966,1
0.19819234279079187,1
0.19825385680447255,1
0.19832049271612776,1
0.19839993742329398,1
0.19846912605844774,1
0.19852549844419315,1
0.1985741811291811,1
0.19864848171093752,1
0.19871252950598592,1
0.19877657319917716,1
0.19884317428941023,1
0.19892513877322093,1
0.19898660772757637,1
0.19906856045626395,1
0.19911721671135524,1
0.19918123449295622,1
0.1992529295432119,1
0.19932461945365582,1
0.19939118405462547,1
0.19945518430040837,1
0.19951918045042177,1
0.19958573210220718,1
0.19965483874530263,1
0.19972394061300017,1
0.19978024230820796,1
0.19985701223899918,1
0.19992354141206595,1
0.199992624715043,1
0.20005146969053053,1
0.20011798592819202,1
0.20018193967686274,1
0.20025867877675077,1
0.20031239264299822,1
0.2003814490889974,1
0.20045050076653298,1
0.2005169904683256,1
0.20059626087378402,1
0.20065507034007962,1
0.20071643305253517,1
0.20078290507550786,1
0.20085959807347475,1
0.20091583586733208,1
0.20098996267276903,1
0.20104874899090952,1
0.20112542160400085,1
0.20119442192986303,1
0.20124553021299366,1
0.20131452225210622,1
0.20138095453208654,1
0.20144993722895405,1
0.20152146981463204,1
0.2015878883484929,1
0.20164663952832285,1
0.20171815804526366,1
0.2017820095420284,1
0.20184585696203963,1
0.201919914862583,1
0.20197864653927447,1
0.20204758801947528,1
0.20211397161968658,1
0.2021854567227322,1
0.20224927838969914,1
0.20231564860277193,1
0.2023845668542667,1
0.20244582353509247,1
0.20251218070513666,1
0.20257853347219903,1
0.20264998537489154,1
0.2027214321725744,1
0.20278521964295074,1
0.20284390052231327,1
0.202910231283228,1
0.20298165949025732,1
0.2030479811144472,1
0.2031091971714381,1
0.20317295991284945,1
0.20324946983622383,1
0.2033106735604896,1
0.20337952327306916,1
0.20344071903834135,1
0.20350955979821747,1
0.2035834945954086,1
0.20364467788015433,1
0.20370585742173475,1
0.2037772288232443,1
0.2038409489847074,1
0.20391485928567057,1
0.2039811190494533,1
0.2040371815744732,1
0.20410343323397392,1
0.20415948890236332,1
0.2042384711021097,1
0.20432508956820175,1
0.20437858546113097,1
0.20443972012042622,1
0.20451613318913583,1
0.2045747125877968,1
0.20464092864572442,1
0.204707140319376,1
0.20477334760933213,1
0.20485228134195826,1
0.20490574904047934,1
0.20496685148128632,1
0.20503304157927185,1
0.20510177281344452,1
0.20516540863330548,1
0.20524431142637792,1
0.20529775816862098,1
0.2053715608787408,1
0.20543772419527756,1
0.2054962496341396,1
0.2055776706341871,1
0.20562855539294078,1
0.20569724571030426,1
0.2057684751301199,1
0.2058371558373546,1
0.20589565790465644,1
0.20596178655542718,1
0.20602791083348845,1
0.20610420264461676,1
0.2061652319030794,1
0.20623134273027707,1
0.20629490671189538,1
0.20636100896702333,1
0.20642710685293197,1
0.2064957423413194,1
0.20655420589375956,1
0.2066253743011169,1
0.20669653764389231,1
0.20676261335651752,1
0.2068236024471129,1
0.2068896697646514,1
0.20695827351323787,1
0.20702179130649878,1
0.20709292644550906,1
0.20715897597251687,1
0.20722248101928423,1
0.20728344207027147,1
0.20735709838233335,1
0.20742059084897344,1
0.20748407928457635,1
0.2075526422679563,1
0.20762120055077585,1
0.20768467625166423,1
0.20776084177461546,1
0.20781923141377134,1
0.2078928482735885,1
0.2079588449890067,1
0.20802483734914592,1
0.20808321157617982,1
0.20816188449103928,1
0.20822278830363683,1
0.20828876324840678,1
0.20835980832146067,1
0.20841562590959722,1
0.20848412505528757,1
0.20855261950916612,1
0.20861349952988417,1
0.20868198512320538,1
0.20874285726889125,1
0.20881133400394722,1
0.20888234196194036,1
0.20894827340847485,1
0.2090091293472726,1
0.20908012326210973,1
0.20915111213716872,1
0.20920688557533662,1
0.20928040035500928,1
0.20933870133765078,1
0.20940713728479945,1
0.20947303414103619,1
0.20954652935817805,1
0.20960734890154342,1
0.20966816474611674,1
0.20974164562401834,1
0.20981005400179095,1
0.20987592431330535,1
0.20993419058766222,1
0.21000258579546477,1
0.21006844342648828,1
0.21013682945297013,1
0.21020267824390884,1
0.21026092548319605,1
0.21032929834831174,1
0.21039260238877652,1
0.21046349815683527,1
0.21053945233118662,1
0.2106002115172348,1
0.2106685611891196,1
0.21072931253136332,1
0.21079765338010725,1
0.21085333506312587,1
0.2109292596346314,1
0.21098999514163974,1
0.2110633789580106,1
0.2111291667670473,1
0.21119748029580912,1
0.21125060981420252,1
0.21131891504754846,1
0.21139480427966176,1
0.21145045272316373,1
0.21151874430802306,1
0.21158956028514878,1
0.21165531348811217,1
0.21173117719646775,1
0.21177669265908963,1
0.21184749037235306,1
0.21191828307365515,1
0.21198654271820053,1
0.21205226982433556,1
0.21211546489109703,1
0.21217360082556636,1
0.21225447998204083,1
0.2123151350568674,1
0.21237325938482118,1
0.2124414879809684,1
0.2125046584566253,1
0.21257035151845097,1
0.21264109306676016,1
0.21270677716668426,1
0.2127674048144259,1
0.21283308061847295,1
0.212898752109492,1
0.21296694486264922,1
0.21303513296587215,1
0.21309826595300507,1
0.21316644510258492,1
0.21323461960408538,1
0.2132952152593953,1
0.21336085640935087,1
0.21342144441597352,1
0.21349212578439425,1
0.21355775401061308,1
0.21363347353543355,1
0.2136889975432715,1
0.21375713643053948,1
0.21382527067521565,1
0.21388330729634,1
0.21395395602835082,1
0.2140119851817091,1
0.21408514757576655,1
0.2141482143092209,1
0.2142188443290265,1
0.21428694712391597,1
0.21434495695786013,1
0.21441305116496084,1
0.21447861898228215,1
0.21454418250074667,1
0.21460974172091804,1
0.21467277537965193,1
0.21474084726863543,1
0.21480639359730822,1
0.2148719356299412,1
0.214934952764321,1
0.215003006809341,1
0.21507105622332312,1
0.21513154070403195,1
0.21519958137221767,1
0.2152524986914386,1
0.21530037385318387,1
0.21536588351840252,1
0.21544398558776906,1
0.2154968899756967,1
0.21555734870633353,1
0.2156278792725469,1
0.21569840486455033,1
0.2157588514134486,1
0.2158142575403731,1
0.21586966059762858,1
0.21595024138368754,1
0.2160358513547835,1
0.21608368902897523,1
0.21614914740125016,1
0.21620201449715976,1
0.21629263730245066,1
0.21636059901737736,1
0.2164059042614672,1
0.21647134154614528,1
0.21652670821190317,1
0.21661226884802337,1
0.21668524125316324,1
0.21674814422534935,1
0.2168009796643551,1
0.21688400114306552,1
0.2169544382050642,1
0.21703996225372413,1
0.2170952974466695,1
0.21716571962767356,1
0.21723613684974324,1
0.2172964905222826,1
0.21736186955726086,1
0.21743227296883813,1
0.21750015727891459,1
0.21756552300014806,1
0.21762082911953276,1
0.21769121430247532,1
0.21775656753672962,1
0.21782442983660893,1
0.2178897743656615,1
0.21795762762672796,1
0.2180154249215793,1
0.2180832696576704,1
0.2181511097911657,1
0.2182139206263066,1
0.21828175189730215,1
0.2183395304622244,1
0.21840986507919333,1
0.21848019474955216,1
0.21853796185019975,1
0.21861079387321664,1
0.21866353099250135,1
0.2187388649101267,1
0.21880917144665482,1
0.2188669195469468,1
0.21892968543897737,1
0.21900248893859836,1
0.21906524632233906,1
0.21913050982374893,1
0.21919576906611232,1
0.21926102404998488,1
0.2193338034318692,1
0.21939654002727504,1
0.2194567634562146,1
0.21952451047882152,1
0.21958472620166677,1
0.21965246455602694,1
0.2197201983222134,1
0.219782910681962,1
0.21985314385612906,1
0.21992337209794371,1
0.21998105589295147,1
0.22004375189635253,1
0.22011145916525535,1
0.22017414699368168,1
0.2202468599517896,1
0.2203070321948535,1
0.2203722147059075,1
0.22043739296847867,1
0.22050006036879216,1
0.22056773675038757,1
0.22063791482728642,1
0.22070307577484993,1
0.22076322057347056,1
0.2208283733567704,1
0.22089352189546166,1
0.22096868801261588,1
0.22102631154307517,1
0.2210864369044718,1
0.2211565785907067,1
0.22122170575151118,1
0.2212868286710448,1
0.221349442863699,1
0.22141706178850867,1
0.22148217198754352,1
0.22155228592271686,1
0.22160987583498323,1
0.22167246980420005,1
0.22174757739586037,1
0.22180515606272982,1
0.22187524735666886,1
0.22193782471795206,1
0.22199789530090513,1
0.22206547039375268,1
0.22213304092051578,1
0.2221930997782144,1
0.2222606616818342,1
0.22230069621162155,1
0.22235824304036927,1
0.22242829557980248,1
0.22249083834343744,1
0.22255087571672036,1
0.22260090410784264,1
0.22268094432809601,1
0.22275847718268207,1
0.22281099602382837,1
0.22287351485764734,1
0.22293352926112223,1
0.22301604318539384,1
0.2231110507860733,1
0.2231710509360917,1
0.22324104656139374,1
0.22330603811251498,1
0.22337602429027328,1
0.22342851070942452,1
0.2235009874263109,1
0.22356346313889808,1
0.2236334313034116,1
0.22369589874227955,1
0.22376585764145485,1
0.223823320218967,1
0.22389327020475572,1
0.22395821938204738,1
0.22401816872487051,1
0.22408061213555003,1
0.22415304160738345,1
0.22422047122774288,1
0.224287896301655,1
0.22434782588441324,1
0.22440775187583184,1
0.2244801576578396,1
0.22454506872969401,1
0.2246049829026592,1
0.22466988587274161,1
0.22473977666840209,1
0.22480467089084216,1
0.22487455226723424,1
0.22493444670330862,1
0.2249943375522544,1
0.22506420567619895,1
0.2251265838049501,1
0.225188958042913,1
0.22526380199331145,1
0.22532367312072765,1
0.22539601261750072,1
0.22545338160110032,1
0.22551573545926543,1
0.22558307325936505,1
0.22564541903153135,1
0.22571025451152368,1
0.22578256604960906,1
0.2258424061270201,1
0.22590473573347863,1
0.22597952613341776,1
0.22604683271116555,1
0.22612410504758285,1
0.22616647766490836,1
0.2262287870760173,1
0.22630604535421803,1
0.22636834606982412,1
0.2264356264833999,1
0.22648795256459944,1
0.22655771641399763,1
0.22662747539674066,1
0.22668726493757466,1
0.22675452389829973,1
0.22681928751113561,1
0.2268790655850539,1
0.2269438211328836,1
0.22701604352808366,1
0.2270733196500576,1
0.22713557258374711,1
0.22720778113202572,1
0.22727002569591678,1
0.2273397350081133,1
0.22739948197970647,1
0.22745922538181232,1
0.22753141056421697,1
0.2275911460852156,1
0.2276583442813426,1
0.22772304938784244,1
0.22778526188834458,1
0.22784995878341388,1
0.2279171395906291,1
0.22798182795445904,1
0.22804153657640164,1
0.2281111921297188,1
0.22817586794223127,1
0.2282430268589085,1
0.22830023274914116,1
0.22836738331441242,1
0.22843452937078804,1
0.2284991842752581,1
0.2285663214825994,1
0.22862599521647725,1
0.22869561007231562,1
0.22876024809938666,1
0.22882488194865305,1
0.22888951162065513,1
0.22895662262850117,1
0.22901130234209258,1
0.2290808903809309,1
0.22914798854681523,1
0.22921259734059155,1
0.22927720196034132,1
0.2293393178512211,1
0.22940391428502357,1
0.2294734750090794,1
0.22953309463587823,1
0.2296001624675632,1
0.22966722580145565,1
0.22973676821241973,1
0.22979388871807585,1
0.22987087206363616,1
0.22992301870496987,1
0.2299925433303719,1
0.23005958035593926,1
0.23011419979501124,1
0.23018867604084708,1
0.230245770739868,1
0.23031279079254116,1
0.23037732437608846,1
0.2304418537953213,1
0.23050637905077687,1
0.23057090014299247,1
0.23063541707250532,1
0.23069744865652644,1
0.23076691946268868,1
0.23082894289019754,1
0.23089344317426927,1
0.23096290036634137,1
0.23102491164001074,1
0.2310893992856884,1
0.23114644258280637,1
0.2312183621024151,1
0.23128035753709106,1
0.231354746985726,1
0.2314092957312424,1
0.23147375859445718,1
0.23153821730247892,1
0.23160019291137826,1
0.2316671222550866,1
0.2317315685007433,1
0.23179353212811382,1
0.23186292683283022,1
0.2319298385948277,1
0.2319917899382623,1
0.2320562152643759,1
0.23211815877934322,1
0.23218505346607196,1
0.2322544210075407,1
0.2323113978885673,1
0.23238323367694017,1
0.23244020321930434,1
0.23250955306453355,1
0.232568991961365,1
0.23263338011297677,1
0.23270271656317643,1
0.23276462004576226,1
0.23282899560288067,1
0.2328908912690898,1
0.2329651610118783,1
0.23302209741269622,1
0.2330839811282637,1
0.23315081123995665,1
0.23321516194140154,1
0.23328198328713418,1
0.2333463255483909,1
0.23340571473066868,1
0.23347499765245622,1
0.2335418016384523,1
0.23360365320214135,1
0.23366797477042237,1
0.2337298185308395,1
0.2337916584668426,1
0.23386338800200407,1
0.23392274648521444,1
0.23398704753284888,1
0.23405629019130023,1
0.23411069177390503,1
0.23418239842942615,1
0.23425409994347135,1
0.23431343523983153,1
0.23437276701572318,1
0.23444445488184087,1
0.23450377888484428,1
0.23458040051368448,1
0.23463230215267572,1
0.2346916150132043,1
0.23476575114199771,1
0.23482999800813184,1
0.23488929914426018,1
0.23495847935874645,1
0.23502518431902608,1
0.2350820035535876,1
0.2351536405958976,1
0.23521045253234768,1
0.23527467083508005,1
0.23535123342194506,1
0.2354080341341918,1
0.23547223975022974,1
0.2355339720321584,1
0.23559816956304466,1
0.23566483186788145,1
0.23572655226217104,1
0.23579320600955572,1
0.23585738690095162,1
0.2358894758020206,1
0.23593143665748517,1
0.23601288505688411,1
0.23609185898812388,1
0.23614121452816994,1
0.23620043796092552,1
0.23627446231990837,1
0.23634354677815334,1
0.23640029115584923,1
0.2364644330970531,1
0.2365211706157392,1
0.23660010441745408,1
0.23668643112958226,1
0.236753020930269,1
0.23681714025141537,1
0.2368886531058815,1
0.23695029801396994,1
0.2370119391221979,1
0.23707357643103383,1
0.23713767520233167,1
0.23720176986524036,1
0.23727818505612455,1
0.2373299468679967,1
0.2373989584496463,1
0.23746796526902617,1
0.23752711018147185,1
0.23759117988933592,1
0.23765278150676758,1
0.23771684316367017,1
0.2377858280510799,1
0.23785234468580607,1
0.2379090035146832,1
0.2379730487602078,1
0.23803955294322238,1
0.23810112694718988,1
0.2381725480423026,1
0.23823165129817042,1
0.23829075106104988,1
0.23836462085326313,1
0.23842863692624364,1
0.23848772504880944,1
0.23855173324188003,1
0.23861327571790092,1
0.23868219879485147,1
0.23874127193726433,1
0.23880772505154024,1
0.23886925177569224,1
0.23892831386965754,1
0.239007057902377,1
0.23907349335728123,1
0.23912762268702575,1
0.23919651032393643,1
0.23925309304727796,1
0.2393219720416719,1
0.23938592686007434,1
0.23944987758851954,1
0.23951136481702665,1
0.23958022602483026,1
0.23964170523934195,1
0.23971055747264053,1
0.23977448744475444,1
0.23982857884448097,1
0.2399023351291645,1
0.23996379454445893,1
0.24002770832970088,1
0.240091618030232,1
0.2401506079749213,1
0.2402194251792497,1
0.24028332262878005,1
0.2403447586339847,1
0.24040619086503828,1
0.24046761932240468,1
0.24053641471510612,1
0.24060766209710216,1
0.24066170844923207,1
0.24072557764514063,1
0.24079189903123274,1
0.24085330380043776,1
0.24092452860929672,1
0.24098101364384755,1
0.241052229357502,1
0.2411160736168198,1
0.24117500316165527,1
0.24124129474890876,1
0.2413002169151993,1
0.24136895505482864,1
0.241432779096876,1
0.24149905359852208,1
0.24155550619124505,1
0.24162177255998285,1
0.24168558046874924,1
0.24174693038784806,1
0.24181563782913637,1
0.24187697976999,1
0.24194567827680594,1
0.24200946552183195,1
0.2420757018161562,1
0.24213212186589456,1
0.24220325565263348,1
0.242264573821594,1
0.24232343572667658,1
0.24239210357053328,1
0.24245095796967142,1
0.24251716502859408,1
0.2425809158316306,1
0.2426422108482423,1
0.24271085680673848,1
0.24277459526335787,1
0.24283587840989904,1
0.24290205999011866,1
0.24296578626129553,1
0.2430246069073593,1
0.2430956772388342,1
0.2431593911730932,1
0.24321820043262793,1
0.24328680686450802,1
0.2433456086315179,1
0.24341665615376556,1
0.24347789996662844,1
0.24354158955340258,1
0.24360527508407157,1
0.24366895655915183,1
0.24373263397916026,1
0.24379140953736134,1
0.24386487412746197,1
0.24392364191391677,1
0.24398240624692183,1
0.24404851199410604,1
0.24411706148686665,1
0.2441782624205673,1
0.24424190741858137,1
0.24430310071230515,1
0.24436918526384144,1
0.24443281811211817,1
0.24449399972486002,1
0.2445576246315854,1
0.24462369236571854,1
0.2446824155763291,1
0.24475092163057846,1
0.24481942299206982,1
0.2448756884574428,1
0.2449441812730625,1
0.24501022347405285,1
0.24506892399136807,1
0.24513251233026645,1
0.24519609662594508,1
0.24525967687891811,1
0.24532814340003867,1
0.24538438025010523,1
0.24545039338674332,1
0.245516402165935,1
0.24557996205770904,1
0.24564351790988,1
0.24570706972296133,1
0.24577550562054912,1
0.24583660514313657,1
0.24589525717288022,1
0.24596123659465555,1
0.24602476821998698,1
0.24608340921494604,1
0.24612983089730037,1
0.24618846573178374,1
0.24625442581130186,1
0.24629839678069773,1
0.24635457909476444,1
0.2464351829889531,1
0.24650601135110117,1
0.2465646241331006,1
0.2466232334798428,1
0.2466696301099906,1
0.2467550919519407,1
0.2468210146685664,1
0.24687716762924614,1
0.24694552349969917,1
0.2470138746979469,1
0.24707978035768022,1
0.24714812238024017,1
0.24719693525122757,1
0.2472579479894861,1
0.24733115836196437,1
0.24739460301628535,1
0.2474580436456377,1
0.24751416084764888,1
0.24757027490069622,1
0.24765565980981913,1
0.2477288410725213,1
0.24780689518357357,1
0.24786299281297558,1
0.24793859768245288,1
0.24799712655915415,1
0.24806052897675837,1
0.2481239273747509,1
0.24818732175364133,1
0.2482507121139391,1
0.24832141200633415,1
0.24837748078079508,1
0.24844329663537076,1
0.2485017959809259,1
0.2485676036543682,1
0.248630969913806,1
0.2486918952230512,1
0.24875525360733616,1
0.24881617134526005,1
0.24888195833432303,1
0.2489501773075076,1
0.24900621083993718,1
0.2490671132924977,1
0.2491426271828266,1
0.24920595701680184,1
0.249264411765536,1
0.24932773388762763,1
0.2493618287541618,1
0.2494105336899295,1
0.24948358664604986,1
0.24955663426582564,1
0.24960289499862823,1
0.24966132654973477,1
0.24972949237774472,1
0.24980739049191944,1
0.24986581009560777,1
0.24992422628664535,1
0.24998020526776946,1
0.25005565024104043,1
0.25013595637781094,1
0.2501846236252498,1
0.2502551869272522,1
0.2503160133639001,1
0.25038900020440513,1
0.25046927957666365,1
0.2505325254523239,1
0.25059333502230946,1
0.25065414089471627,1
0.25072710306143314,1
0.2507854689621448,1
0.2508511265287775,1
0.25091434825956643,1
0.2509799973651209,1
0.2510407797314457,1
0.2510991273275413,1
0.25116476430403395,1
0.25122796620983556,1
0.2512960253337951,1
0.2513567884948106,1
0.25141997826586593,1
0.25147830374147817,1
0.2515487758193766,1
0.25160952362488076,1
0.25166783804653975,1
0.2517358672408088,1
0.2518063211706488,1
0.2518646241176363,1
0.25192778180783487,1
0.25199093550939133,1
0.2520492276941261,1
0.2521196595507269,1
0.2521828011360388,1
0.25223865383064226,1
0.252306644205174,1
0.25236977398545485,1
0.25243289978061806,1
0.25250087695002615,1
0.2525615669467555,1
0.2526198258785945,1
0.25268536312015544,1
0.25274846899727527,1
0.2528115708922945,1
0.2528722420365103,1
0.25293290949996156,1
0.25300570559812285,1
0.25306636496546436,1
0.2531245944965874,1
0.25319009866643655,1
0.25325074684998133,1
0.25332109413515086,1
0.25337930883583465,1
0.2534447963235034,1
0.2535054290625332,1
0.2535660581254568,1
0.2536291084517631,1
0.25369215480297647,1
0.25375762180702355,1
0.2538182355821288,1
0.2538861186487239,1
0.2539515729561861,1
0.25400975096636913,1
0.2540727733247836,1
0.2541382154164331,1
0.25419638256945826,1
0.2542618165726248,1
0.2543272462944627,1
0.25438297934769144,1
0.25440963318820853,1
0.25448474473494803,1
0.25455742795726954,1
0.2546058805040661,1
0.25466402046149494,1
0.2547197347489539,1
0.2547875566486713,1
0.2548650617592033,1
0.2549159212236156,1
0.2549716214787614,1
0.25505395530372255,1
0.2551241758568231,1
0.2551774433321994,1
0.25523797111023117,1
0.255291232524528,1
0.25536627788464167,1
0.2554437381560334,1
0.25549698861230563,1
0.25555507678532796,1
0.2556325224342523,1
0.25570028245731663,1
0.2557752971275594,1
0.25584062790091744,1
0.2559083738246955,1
0.25596643810671055,1
0.2560341755081846,1
0.25609465145389576,1
0.25615028609397206,1
0.2562204297070015,1
0.25628089439020324,1
0.25634619214192805,1
0.2564066492216518,1
0.25647435681194036,1
0.25653238824081137,1
0.25660492279146746,1
0.25666052905081244,1
0.2567185496771614,1
0.25678623615342927,1
0.2568539180485482,1
0.2569143444413647,1
0.2569771840167832,1
0.25703276958050153,1
0.257100434792392,1
0.2571680954260113,1
0.25722367037911914,1
0.25729132267533633,1
0.25735413856681116,1
0.2574145347415773,1
0.25747734289409624,1
0.2575377316284753,1
0.2575981167162756,1
0.2576705740087715,1
0.257728536062963,1
0.2577937393584089,1
0.2578541089896051,1
0.25791688954021097,1
0.25798449495639636,1
0.2580472673220902,1
0.25810520754710764,1
0.2581703862877567,1
0.25823797456894004,1
0.25830073102563456,1
0.25836831049791287,1
0.25841657875357976,1
0.2584817372032662,1
0.2585541305016089,1
0.25860721558977884,1
0.25867959980522587,1
0.25873750340539825,1
0.25879781609050123,1
0.2588605374244597,1
0.2589280790771815,1
0.2589859682917133,1
0.25904385415527803,1
0.25910897174681835,1
0.2591740850983342,1
0.25924401693893245,1
0.2592994766456614,1
0.25936457759434983,1
0.2594248524719196,1
0.25949235602190873,1
0.2595550338098855,1
0.2596152972091692,1
0.25967796729217935,1
0.2597430436062318,1
0.2598008856636898,1
0.2598731835309342,1
0.25992378892813106,1
0.25999125880767493,1
0.260051495925082,1
0.26012136643577943,1
0.26017918661503814,1
0.2602418213701206,1
0.26030926979618896,1
0.26036948776115304,1
0.26043451909062115,1
0.260492321166695,1
0.26055734450889373,1
0.2606199555833684,1
0.26068015484293566,1
0.26074998144425043,1
0.26080295009645144,1
0.26086795324431206,1
0.2609305448748684,1
0.2609979468651784,1
0.2610629373392828,1
0.2611231099383841,1
0.26117846553190044,1
0.2612506638752205,1
0.2613084187970388,1
0.2613685766271399,1
0.2614335430190859,1
0.2614936933226825,1
0.26155865158702046,1
0.26162120000191974,1
0.26168133901929047,1
0.2617486904252764,1
0.26181363212809483,1
0.2618713545458142,1
0.2619362882833629,1
0.26200121780479496,1
0.2620541202238907,1
0.26213106420149945,1
0.2621815554695262,1
0.26225127731545245,1
0.26231137845366587,1
0.2623546490366476,1
0.26240753276217404,1
0.2624820459925134,1
0.2625589570521213,1
0.2626214429327359,1
0.2626839249091093,1
0.2627488059065692,1
0.2628112799258075,1
0.26287134741765933,1
0.262933813781945,1
0.2630058855077578,1
0.2630683434687659,1
0.2631259935090168,1
0.2631884439690086,1
0.2632484888105144,1
0.2633109316213258,1
0.26338057477225013,1
0.26343820681568225,1
0.26350303889461757,1
0.263572668668337,1
0.2636302896423874,1
0.2636999105565382,1
0.2637455216309149,1
0.2638055330330993,1
0.2638775419622376,1
0.2639375454424576,1
0.2639999452427985,1
0.2640623411496471,1
0.2641247331634896,1
0.2641895207502108,1
0.2642519048298139,1
0.2643094866800305,1
0.26436946424843805,1
0.2644390337213813,1
0.2644990035206085,1
0.26456616542640066,1
0.2646237291842746,1
0.26468848445135873,1
0.2647508374123052,1
0.26481078851620293,1
0.26487313385183275,1
0.264933077624592,1
0.26500500540912736,1
0.2650625439119914,1
0.2651344623852412,1
0.265187199311889,1
0.2652471242618997,1
0.26530944240081267,1
0.26537175665641716,1
0.26543885997398226,1
0.26549637351963634,1
0.2655586761282188,1
0.2656281629203652,1
0.26569764488443254,1
0.2657503521197107,1
0.26581024333332814,1
0.2658773172344193,1
0.26593480556909393,1
0.2659970808690535,1
0.2660641422398129,1
0.2661192250016766,1
0.2661886728553467,1
0.2662557213793465,1
0.26630839920893634,1
0.26636825701076017,1
0.2664352934953921,1
0.26649274976280934,1
0.26656217168173085,1
0.26661722701834223,1
0.2666818533286932,1
0.2667440821248494,1
0.26680630704882347,1
0.2668709211411794,1
0.26693074528215244,1
0.2669905658444119,1
0.2670551680325343,1
0.2671293357688852,1
0.26717957530382136,1
0.26724416528306727,1
0.26730635909815165,1
0.26736615719587237,1
0.2674331268203891,1
0.2674929173383484,1
0.26755748708266264,1
0.2675885747319008,1
0.26765792062085314,1
0.2677272617012868,1
0.26777268945741445,1
0.26783245967680086,1
0.26787788265438045,1
0.26796394158567743,1
0.26803565170472304,1
0.26807867530795637,1
0.2681360372330383,1
0.2681933958679184,1
0.26827703798009783,1
0.26836067309685946,1
0.2684227975129697,1
0.2684920855781281,1
0.2685542018311046,1
0.2686139253589672,1
0.26868081147582307,1
0.26873336171505824,1
0.26880023984402424,1
0.26886711350060516,1
0.2689220420874855,1
0.2689865196224602,1
0.2690486051715908,1
0.2691250128639724,1
0.2691799272870208,1
0.2692324513048336,1
0.26929929606506486,1
0.2693565880177097,1
0.26942342448084444,1
0.2694830961197675,1
0.2695475374906727,1
0.2696072017242495,1
0.2696716350983731,1
0.26973129192844175,1
0.26979333125662347,1
0.26985775263929557,1
0.2699173983675458,1
0.2699841973598601,1
0.27004383554692457,1
0.2701034701774879,1
0.2701678715843231,1
0.2702203437383171,1
0.27029427710054205,1
0.27035866622071075,1
0.2704182820799777,1
0.27047550996141717,1
0.27053988741359436,1
0.2705994924705052,1
0.27066147796115214,1
0.27073061109132507,1
0.2707806700297761,1
0.27085932901332815,1
0.2709117648985531,1
0.2709761142727778,1
0.27104045950642675,1
0.27109050293698594,1
0.27116437199577276,1
0.27122870511746433,1
0.27128350414205554,1
0.27134544724971343,1
0.2714097687236978,1
0.27147408606069634,1
0.27153839926124124,1
0.27159318131798765,1
0.2716527236281754,1
0.2717170253413618,1
0.2717765602782665,1
0.2718432351999482,1
0.2719051436468994,1
0.27196942913161615,1
0.2720360911954507,1
0.27209084599513916,1
0.27215273911526255,1
0.27221700868566634,1
0.2722741337252529,1
0.2723383954944014,1
0.2724097926171277,1
0.27246214726754153,1
0.2725311560281122,1
0.2725882631253502,1
0.27264298770014794,1
0.2727143630799547,1
0.2727714597160268,1
0.2728356895350991,1
0.27289515791161806,1
0.2729570012719205,1
0.2730235975368461,1
0.2730782982939895,1
0.27314488648174523,1
0.27320909232093177,1
0.2732804273076818,1
0.27332798113862733,1
0.2733897977383061,1
0.2734539878551899,1
0.2735181738519669,1
0.2735799786960601,1
0.2736394028286932,1
0.27369882343030855,1
0.2737653703126117,1
0.273831912766722,1
0.27388656932748334,1
0.27394835140784823,1
0.27401012967142346,1
0.2740742799827528,1
0.27413842617908346,1
0.27419306598990073,1
0.27425720456725794,1
0.27432133903112166,1
0.27438546938201974,1
0.2744543455486371,1
0.27450896810087755,1
0.2745635876696577,1
0.2746300770313843,1
0.27469418758649694,1
0.27475354554706977,1
0.27482002228023766,1
0.27487937277221125,1
0.27494109354744384,1
0.27500755781461667,1
0.2750621501581727,1
0.27512385965362224,1
0.27518556534124494,1
0.2752520133623049,1
0.27530896529488913,1
0.27537540511704484,1
0.2754299773831954,1
0.2754916641850863,1
0.27556283653608143,1
0.2756150263742574,1
0.2756838179086561,1
0.2757383733470759,1
0.27580478464650854,1
0.2758711915357734,1
0.2759304796749613,1
0.2759873929817821,1
0.2760514165804281,1
0.2761154360803155,1
0.27617470974089625,1
0.2762410920699447,1
0.2762932465229986,1
0.27635725054342103,1
0.2764259910397781,1
0.27647813585067027,1
0.27654449804131054,1
0.2766061161324016,1
0.27667010013168397,1
0.27673881912670767,1
0.27678857820982383,1
0.27685255053589125,1
0.27692125699468084,1
0.2769804829119595,1
0.2770420741451776,1
0.2771036615851494,1
0.277158139620448,1
0.27722919346745156,1
0.2772884011502577,1
0.2773476053277219,1
0.2774115419026613,1
0.27747784218138355,1
0.27753940279019007,1
0.277598592109613,1
0.2776625126398438,1
0.2777169602393691,1
0.2777856073353279,1
0.2778424151615681,1
0.27789921976086246,1
0.27796548771536067,1
0.27802701831265286,1
0.2780885451241635,1
0.27815953289536655,1
0.2782139534407923,1
0.27827310284866474,1
0.2783322487580917,1
0.27839612241129613,1
0.2784647229021713,1
0.27851912684197627,1
0.27858298856009095,1
0.27865630624446747,1
0.27870833488861274,1
0.27877691396563614,1
0.2788265717408126,1
0.27888332046457276,1
0.27895188754270805,1
0.27901099331960566,1
0.2790748236350083,1
0.2791362860141418,1
0.2791977446158834,1
0.2792544722805624,1
0.2793182870570138,1
0.27938209776139916,1
0.2794411781166074,1
0.27950970695605115,1
0.27957114261285315,1
0.27963493718490173,1
0.27969400260459637,1
0.2797459772882122,1
0.27981684750361646,1
0.27987590217999625,1
0.2799349533691273,1
0.2799940010714212,1
0.280057768673958,1
0.28011680912494985,1
0.2801900144434669,1
0.2802443246040848,1
0.2803009929314635,1
0.2803718238250957,1
0.280428484927972,1
0.2804898641666999,1
0.2805488791128422,1
0.2806078905764262,1
0.28067397928165466,1
0.2807377035397311,1
0.2807990638023723,1
0.28085334089638997,1
0.2809241326789094,1
0.2809831220030386,1
0.28104918591517875,1
0.281103449435361,1
0.2811647872605297,1
0.2812237623907343,1
0.28128745162503443,1
0.281353495435692,1
0.28140538394145603,1
0.2814690616098373,1
0.2815327352236311,1
0.2815940467238013,1
0.2816553544651018,1
0.28171430067198955,1
0.2817803162988553,1
0.2818392551403942,1
0.281900547850824,1
0.28196183680468795,1
0.2820231220024462,1
0.28208440344455915,1
0.28215275139220286,1
0.28220931167841307,1
0.2822635122842948,1
0.28233184799173155,1
0.2823931105181702,1
0.28245672532347726,1
0.2825156243129054,1
0.282574519833447,1
0.28263341188551044,1
0.28269936686654873,1
0.2827629621930204,1
0.2828265534753835,1
0.28288543068697575,1
0.2829419495489835,1
0.2830102389122352,1
0.2830738144723986,1
0.2831303226884727,1
0.28319389061494377,1
0.283255100354845,1
0.2833115983279953,1
0.28337515473256025,1
0.2834316459234802,1
0.283492841112616,1
0.28356344629318275,1
0.283622280135838,1
0.283676404214124,1
0.28374699643583173,1
0.2838011137645666,1
0.283866991777333,1
0.2839305128940086,1
0.2839869727216799,1
0.2840481339379603,1
0.28410929141377517,1
0.28417279714166044,1
0.2842362988368242,1
0.2842974448063832,1
0.28434918078359317,1
0.28442207693600197,1
0.28447380646581566,1
0.28455139574348653,1
0.2845984166184127,1
0.2846595404506139,1
0.28472301124525423,1
0.2847841274624615,1
0.28484288953367687,1
0.28490634869244136,1
0.28496980382439635,1
0.2850262050060161,1
0.28509435218986,1
0.28514839665436903,1
0.28520948687995196,1
0.2852752721802502,1
0.2853316561362105,1
0.28539743340032286,1
0.28545615944451813,1
0.2855219285199228,1
0.2855782985705297,1
0.28563701399450125,1
0.2856957259711743,1
0.28576147929291495,1
0.2858272282914405,1
0.2858859291016459,1
0.28594462646626845,1
0.28600332038571274,1
0.2860690534858736,1
0.2861300874959209,1
0.28619581226408886,1
0.2862497972351554,1
0.28630847324618924,1
0.286378879915138,1
0.28643285500447396,1
0.28649855987698325,1
0.28655487490325504,1
0.28662057175921485,1
0.2866839182115414,1
0.28674256875636306,1
0.2868082532829891,1
0.2868622052024589,1
0.28692788187154955,1
0.28698651810993436,1
0.28704515091031224,1
0.28710612537610103,1
0.287167096124231,1
0.28723040796673227,1
0.2872866817951964,1
0.2873593641370535,1
0.28740859756093157,1
0.2874695498704569,1
0.28753518666459177,1
0.28759613125894234,1
0.28765707213927566,1
0.2877156656375236,1
0.2877765992339838,1
0.2878492459775084,1
0.2879125146479385,1
0.2879617208465235,1
0.28802029649757926,1
0.2880858971536094,1
0.28814212286236096,1
0.2882194280503974,1
0.28826393438728726,1
0.28832717682720177,1
0.2883927573554296,1
0.28845130776442085,1
0.2885168801528484,1
0.2885707399698082,1
0.2886339630101786,1
0.28869015791284725,1
0.2887674207481743,1
0.2888119027031401,1
0.2888751104987892,1
0.28893831429946554,1
0.2890015141056738,1
0.28907173142831616,1
0.2891185402377427,1
0.2891770481685093,1
0.2892542733959234,1
0.28931745323736296,1
0.2893829688570121,1
0.2894344424042996,1
0.2894859133021974,1
0.2895701326937619,1
0.2896520058582406,1
0.2897011265395777,1
0.2897502448081921,1
0.28978766663166833,1
0.2898601674297936,1
0.2899420168526254,1
0.2899957999687153,1
0.290049580192337,1
0.29010569560304644,1
0.2901828491515049,1
0.2902483081005849,1
0.29029506186953163,1
0.29033713839270786,1
0.29040024985809537,1
0.29047270625865657,1
0.2905451574096684,1
0.29060124501852796,1
0.29064564547796334,1
0.2907180841008666,1
0.29079752687991023,1
0.290844254978459,1
0.2908979895925581,1
0.29094938521740005,1
0.2910288096240948,1
0.29110822772305406,1
0.291157276927591,1
0.2911923106007933,1
0.2912577035070876,1
0.29131375116629515,1
0.291372130804428,1
0.2914351769857768,1
0.29149354953575146,1
0.2915589227467668,1
0.2916172880740435,1
0.29167564999500784,1
0.2917410113030041,1
0.29179469775314065,1
0.29185538331326366,1
0.2919207328750946,1
0.2919837444797528,1
0.2920420850181591,1
0.2921050889769288,1
0.29216342243666776,1
0.29222875187203473,1
0.2922824121441984,1
0.2923454009637039,1
0.29240605311430784,1
0.2924643690209209,1
0.292539008419362,1
0.29259031977434274,1
0.2926416284966036,1
0.29270925869934517,1
0.2927722206388735,1
0.29283284690825456,1
0.292893469502314,1
0.2929540884214972,1
0.2930147036662499,1
0.2930846397679934,1
0.2931359231342447,1
0.29319419649459466,1
0.2932571279098613,1
0.2933130636210985,1
0.2933853092843508,1
0.29344123782633164,1
0.2935018235504894,1
0.2935670656102044,1
0.293629973565402,1
0.29368821814372187,1
0.2937394705665749,1
0.2938046971240568,1
0.29386293152686216,1
0.29392815003217015,1
0.29398637724642207,1
0.2940446010704628,1
0.29410515025155365,1
0.2941610385494901,1
0.294226237616235,1
0.2942844474767691,1
0.29434498213753735,1
0.2944101692128259,1
0.29447069626378025,1
0.29452889189656356,1
0.2945917393762257,1
0.29465458290633034,1
0.2947127678390094,1
0.2947756037639574,1
0.2948291275488931,1
0.2948919561629261,1
0.2949594343517907,1
0.295017601549928,1
0.295087397721869,1
0.2951385784853576,1
0.2951990614652327,1
0.29526186684185896,1
0.29532234236557203,1
0.2953758368957692,1
0.2954409568094618,1
0.2955060724828274,1
0.295557231823255,1
0.2956316407374773,1
0.2956827936544836,1
0.2957455686584277,1
0.29579904055372847,1
0.2958641329151629,1
0.29592224751484514,1
0.29598733185720244,1
0.2960454392978765,1
0.2961035433622723,1
0.2961709398476872,1
0.29622206518611327,1
0.2962848063474727,1
0.29634522004188146,1
0.29641027686206645,1
0.29646835973239877,1
0.2965264392293072,1
0.2965891612973906,1
0.29665187943166277,1
0.2967145936326174,1
0.29676801373879674,1
0.29683536545762634,1
0.296888779112724,1
0.29694683419772705,1
0.2970211397887926,1
0.2970722216800411,1
0.29713258782393964,1
0.29719991499338005,1
0.2972602734296506,1
0.2973159856759132,1
0.2973763371069568,1
0.29743668489592484,1
0.2974970290432572,1
0.297562010975982,1
0.29761538583341995,1
0.29768036007579673,1
0.29773836922501595,1
0.29780101532676684,1
0.2978636575042295,1
0.29791701626418454,1
0.29797965117574476,1
0.2980422821644187,1
0.298102589779665,1
0.29816057444157856,1
0.298223194100229,1
0.2982788527273306,1
0.298343783877145,1
0.29840871081117887,1
0.2984597218736343,1
0.2985246412808502,1
0.29858260147612264,1
0.2986451947139871,1
0.2987031479225826,1
0.29876805152915975,1
0.2988236798393483,1
0.2988816227053809,1
0.29894419722992194,1
0.2990021331134545,1
0.29906933453351525,1
0.2991295802433438,1
0.29919677309961007,1
0.2992523775665166,1
0.299310295598617,1
0.29936821027641325,1
0.2994353871008973,1
0.2994863458197135,1
0.2995511986154708,1
0.29961141530292273,1
0.29966699671929053,1
0.29973183780076984,1
0.2997920436120382,1
0.29985456119512877,1
0.29991475961841135,1
0.29997263930045964,1
0.3000351455945166,1
0.3000953331482117,1
0.3001578317738409,1
0.300211068263069,1
0.30027124522965887,1
0.30033373286233517,1
0.30040084485955565,1
0.3004540684135363,1
0.30050960301507823,1
0.30057670321073515,1
0.30063223100240916,1
0.30070626326200006,1
0.30075484395396057,1
0.3008103618550281,1
0.3008797548972469,1
0.30093757875423005,1
0.3009977120188136,1
0.3010555290556604,1
0.3011202801685926,1
0.3011780901195513,1
0.3012382089235752,1
0.3013029482092461,1
0.3013561237730062,1
0.30142085542565106,1
0.3014763363644951,1
0.30154568320970376,1
0.30159653450665397,1
0.30165893938257526,1
0.301719029286334,1
0.301779115579513,1
0.3018461306475295,1
0.30189696666902105,1
0.30195704227187453,1
0.3020240454175819,1
0.3020794929018974,1
0.30214648784380443,1
0.30219730859901184,1
0.30226198582502817,1
0.3023335878747251,1
0.30240749429075947,1
0.3024583017834899,1
0.302502178904465,1
0.3025575998845531,1
0.30262456280443845,1
0.30268921240363345,1
0.30274462301939814,1
0.3028000305649966,1
0.30286005194185883,1
0.3029223780203798,1
0.3029893165189281,1
0.3030377864277796,1
0.30310010143013655,1
0.30316010479957456,1
0.3032316425732804,1
0.30329163805056225,1
0.30334240064315726,1
0.30340008227976273,1
0.30347160288868746,1
0.3035361977520341,1
0.30358002760455366,1
0.30364230882736176,1
0.30370458617146084,1
0.3037645532818252,1
0.30382221057381653,1
0.3038821706312117,1
0.3039444330396109,1
0.3040066915716439,1
0.3040643349046897,1
0.3041196693785422,1
0.30417961160347723,1
0.30423955023555715,1
0.30430409551409243,1
0.30436172170682646,1
0.3044193445789739,1
0.3044838782540508,1
0.3045437986521246,1
0.3046060198808756,1
0.30466132438982024,1
0.3047212341565127,1
0.30478114033424003,1
0.3048456506662831,1
0.3049009419245189,1
0.3049608373379304,1
0.3050299429728313,1
0.30508522404253413,1
0.30514280524067655,1
0.30520038312341546,1
0.30526716931435904,1
0.3053270427971023,1
0.3053846100731153,1
0.3054398715404595,1
0.30550203704115925,1
0.3055618964636258,1
0.30562405437928364,1
0.30568160456017984,1
0.30574605683099376,1
0.30580129832842057,1
0.30586113984049534,1
0.305927881918063,1
0.30598081212269657,1
0.30604294400569243,1
0.30610047008515634,1
0.30615799285556083,1
0.30623391784630805,1
0.3062891324008787,1
0.3063420434884094,1
0.3064018526511908,1
0.3064616582370504,1
0.30652146024641574,1
0.30658355854804725,1
0.306645652993719,1
0.30670314441314056,1
0.3067629319833224,1
0.30681811733714354,1
0.3068801972201775,1
0.3069445722877359,1
0.30699744870750895,1
0.30706181622768036,1
0.3071238809842284,1
0.30718134491700677,1
0.3072388055478713,1
0.30730545574353735,1
0.3073606111669382,1
0.30741806149827,1
0.30747780634184824,1
0.3075352499408663,1
0.307601880382042,1
0.3076593168544475,1
0.3077236417872731,1
0.30778107126675947,1
0.30783160648062613,1
0.30790281085673943,1
0.30796252674692587,1
0.30801994250940573,1
0.30807735497550504,1
0.30813706044385475,1
0.30819905850356494,1
0.30825875670620756,1
0.30831845134518754,1
0.3083712551709517,1
0.30844242113344983,1
0.3084975138844054,1
0.30855719427298833,1
0.3086122807013131,1
0.3086788394204726,1
0.30873621407122004,1
0.3087958802162082,1
0.30885095349810765,1
0.30891520182709975,1
0.30897026853813947,1
0.30903221496367855,1
0.30909874573934865,1
0.309151508379741,1
0.3092088559184578,1
0.30927308125766984,1
0.30933042182510495,1
0.3093923459451428,1
0.30945197295527876,1
0.3095138895490604,1
0.30957580230941467,1
0.3096377112368164,1
0.3096904454483777,1
0.3097500546869103,1
0.3098119528278079,1
0.30986926250525026,1
0.3099357376166493,1
0.3099884561147802,1
0.310050339501288,1
0.31010992729130915,1
0.3101672198949642,1
0.31023596668680764,1
0.3102863779972833,1
0.31034824295069247,1
0.3104101040770658,1
0.31046737948588465,1
0.31052465161441906,1
0.31059108317447404,1
0.31064376713599945,1
0.31071248117567907,1
0.31077202952437516,1
0.3108201236789979,1
0.31088882560199177,1
0.3109437837422222,1
0.31100331831923517,1
0.31106284935209333,1
0.3111223768412185,1
0.31118190078703273,1
0.3112459995357554,1
0.31130322708969377,1
0.3113673180622733,1
0.3114199611456137,1
0.3114748901041745,1
0.3115435470597232,1
0.31160075758876454,1
0.31165567661753535,1
0.3117197450059856,1
0.31177465750065103,1
0.31185244504004156,1
0.3119210760796,1
0.3119622524425435,1
0.3120171516225008,1
0.3120720477887036,1
0.3121406637588689,1
0.31220241410680594,1
0.31225501324762245,1
0.3123121830889461,1
0.3123807825845379,1
0.31243794523630614,1
0.3125065361055165,1
0.3125545469148165,1
0.31261169963490154,1
0.31267570680372614,1
0.3127374241224255,1
0.3128037088519337,1
0.31285627637550134,1
0.3129042703968267,1
0.3129819701194321,1
0.31303452827332756,1
0.3130893686193839,1
0.3131464907819988,1
0.31321274840307733,1
0.3132698635186083,1
0.31334525047647194,1
0.3133955052912363,1
0.3134457575805813,1
0.31350742739356996,1
0.31356452568143617,1
0.313633039323671,1
0.3136832796781045,1
0.31374493484534094,1
0.3138111528281141,1
0.31387280011205715,1
0.3139321605716159,1
0.31398010298593654,1
0.31403717429198313,1
0.31410109028812433,1
0.3141695671794828,1
0.31421978058647293,1
0.3142814026855466,1
0.3143498672312084,1
0.31441832708979706,1
0.31448221872959775,1
0.3145255714461656,1
0.3145757669805989,1
0.3146350857276219,1
0.31470580732751074,1
0.3147628372328679,1
0.3148175828823133,1
0.3148768872872794,1
0.3149475917892471,1
0.31502513291459006,1
0.315068462101251,1
0.31510950907267427,1
0.31517791694781555,1
0.3152303598164526,1
0.3152964795136484,1
0.31534663636782106,1
0.31540590940681273,1
0.3154651789327195,1
0.3155267243378615,1
0.31557914891770755,1
0.315645245557857,1
0.3157022219138243,1
0.3157591950236713,1
0.31582527976484265,1
0.3158822458643322,1
0.3159392087188701,1
0.3160030032640025,1
0.31606451557844545,1
0.31612146805162206,1
0.31617613937447675,1
0.3162399188069979,1
0.3162991389236333,1
0.3163583555334542,1
0.3164130139072446,1
0.3164722237743585,1
0.3165359843261822,1
0.3165951869128971,1
0.3166543859948733,1
0.31671585825553494,1
0.3167727736462687,1
0.3168274093739506,1
0.3168956998360759,1
0.31694577654449885,1
0.31700950691044655,1
0.317068681470865,1
0.3171324040047677,1
0.31718702008785227,1
0.3172461841452496,1
0.3173053447024683,1
0.3173713273490561,1
0.31744413073444583,1
0.31750782934902233,1
0.31756469968353773,1
0.31760564432184296,1
0.31767160715749554,1
0.3177489373552037,1
0.317801245568856,1
0.31785355104650215,1
0.3179035798130534,1
0.3179604276462,1
0.31802181967639676,1
0.31807866078845154,1
0.3181332252165503,1
0.31819687995327994,1
0.31825825746935105,1
0.3183219042479363,1
0.31837418250008165,1
0.3184287308060294,1
0.31849463937268974,1
0.3185514536162631,1
0.31860371986965946,1
0.318662800171168,1
0.31869915554495076,1
0.3187695903206734,1
0.3188491074924486,1
0.3189036298988995,1
0.3189604209113962,1
0.31902629444559183,1
0.31908762107692795,1
0.31913531696793596,1
0.31920799204677497,1
0.31925795309987337,1
0.3193169947628671,1
0.3193805741940345,1
0.31943960861793225,1
0.3194986395569727,1
0.3195576670115671,1
0.31961442089383163,1
0.31968025136223926,1
0.3197324586524317,1
0.31978920261574034,1
0.31986183019064673,1
0.31992537499202256,1
0.31998437726362716,1
0.32002749210682624,1
0.32008421933171155,1
0.3201659008826175,1
0.3202453071056115,1
0.32029975344308775,1
0.32035192840161497,1
0.32039956402989817,1
0.32046307467135415,1
0.32053565332282946,1
0.3205787444049099,1
0.3206195658225526,1
0.3206807948247092,1
0.3207397525429719,1
0.3208145784876559,1
0.3208599248202791,1
0.32090980341126446,1
0.32097554866204403,1
0.32103222213332056,1
0.3210934258749285,1
0.32115235927114105,1
0.3212112891944132,1
0.32126794930740876,1
0.3213359372055891,1
0.32138579205998913,1
0.3214447082290956,1
0.32150588673098923,1
0.32156026447962777,1
0.32163956006301864,1
0.3216803382005056,1
0.32173923701914825,1
0.32179813236892424,1
0.32185702425024243,1
0.32192497211160964,1
0.3219725328676534,1
0.322040472881177,1
0.32209482156878283,1
0.32215596031185734,1
0.3222125669264685,1
0.32227143440673095,1
0.32233256235320185,1
0.32239368656327533,1
0.3224502797229885,1
0.32250460614329823,1
0.3225657198385568,1
0.32262456653387916,1
0.3226834097664718,1
0.32274451253569086,1
0.3228033487109039,1
0.3228621814246251,1
0.3229164854730051,1
0.3229820989305751,1
0.3230363964675165,1
0.3230952154724064,1
0.32314950686791205,1
0.3232128431041774,1
0.323276175329218,1
0.32332819522797196,1
0.32339152014815836,1
0.32345031826934917,1
0.32350685166420584,1
0.32357016527235666,1
0.32361990886674846,1
0.32368321531747085,1
0.32374877848817446,1
0.32380077380860744,1
0.32385954787208227,1
0.3239228391544074,1
0.32397482542552297,1
0.32403810941243527,1
0.3240991294643212,1
0.32415336638476216,1
0.3242121197292002,1
0.3242708696218856,1
0.32433413487730633,1
0.32439513686892724,1
0.3244493577376492,1
0.32451035270106543,1
0.3245668262020197,1
0.32463007273703404,1
0.32469557386017595,1
0.32474751997625556,1
0.32480172174234306,1
0.3248672116236152,1
0.32492140690276805,1
0.3249778571954777,1
0.3250365621197088,1
0.3250952635978741,1
0.3251584767209395,1
0.3252171710431837,1
0.3252736046428609,1
0.325332292208337,1
0.3253932333426057,1
0.3254496570076087,1
0.3255060774891611,1
0.32556926464955116,1
0.3256211654017852,1
0.3256911143278157,1
0.3257542897977043,1
0.3258039248671472,1
0.32586483726723864,1
0.3259212343296434,1
0.3259753725173808,1
0.32604078558400246,1
0.32609717272459177,1
0.32615130138843895,1
0.3262121926333115,1
0.3262775902111438,1
0.3263317091103786,1
0.32638807984947027,1
0.32644670204745874,1
0.3265075753082215,1
0.32656619050174734,1
0.3266225480248716,1
0.3266789023720045,1
0.326744269436269,1
0.32680061692448187,1
0.3268637223421029,1
0.32691780953066407,1
0.3269741472414524,1
0.32703724170966586,1
0.3271048385083072,1
0.32715215354875343,1
0.3272129838828322,1
0.3272783160462173,1
0.32734139132658535,1
0.3274089675695071,1
0.32744951112342535,1
0.327501314383664,1
0.32756437560036084,1
0.32762067689789554,1
0.32768373058813366,1
0.32773777344413146,1
0.3278008197516654,1
0.3278616106411561,1
0.32791339255824675,1
0.3279741766049297,1
0.3280304548355119,1
0.3280912317673085,1
0.3281475034108043,1
0.32821052389248156,1
0.3282667888238026,1
0.3283208001797034,1
0.32838380974142506,1
0.32844231506542626,1
0.32849856695691104,1
0.328559315445811,1
0.3286223099810559,1
0.328678551748682,1
0.32873703983175173,1
0.3287932751473199,1
0.3288472580752319,1
0.3289147326373476,1
0.3289664600518769,1
0.32902493129865784,1
0.32908564782110405,1
0.3291441120994465,1
0.3292093182238987,1
0.32926103040291527,1
0.32931948442884057,1
0.32938243109729654,1
0.3294341343252754,1
0.3294970737775431,1
0.32956675212210385,1
0.3296117033163523,1
0.3296701368482263,1
0.32973530868278045,1
0.32979373499261383,1
0.32985440485532747,1
0.3299060836871277,1
0.3299645000203511,1
0.3300251595239729,1
0.3300835689018396,1
0.3301509600987777,1
0.3302003774236034,1
0.33025428444747706,1
0.33031717230273,1
0.33038005620334926,1
0.3304317078779416,1
0.3304900935150915,1
0.3305507211458159,1
0.3306046092875189,1
0.3306697202512179,1
0.33072360198083434,1
0.3307842154565756,1
0.33084482525854597,1
0.33090094217028987,1
0.3309570559331028,1
0.33102214395345114,1
0.33107151824651115,1
0.33113211063814496,1
0.33119943121201095,1
0.33125777204365364,1
0.3313138657875331,1
0.33136771282158417,1
0.3314282872692816,1
0.33148661475118846,1
0.331540452484274,1
0.33160550254480464,1
0.3316593338777936,1
0.33171989066381685,1
0.33177820114020745,1
0.33183875072865704,1
0.3318925695073874,1
0.3319553544219869,1
0.3320136511703902,1
0.3320697025313879,1
0.33212799261424364,1
0.33218403756679377,1
0.3322490457769052,1
0.33230284247918035,1
0.3323611189742692,1
0.3324216332786364,1
0.33247317961263906,1
0.33254040996851464,1
0.3326031542229542,1
0.33266589454079937,1
0.3327107066436595,1
0.332768959375393,1
0.33282944900536066,1
0.33289441527332897,1
0.33294369721307615,1
0.33299969646942057,1
0.33307137094191597,1
0.3331228837960642,1
0.33317887301927307,1
0.33323933785954685,1
0.3332908420621892,1
0.3333557783630597,1
0.33340951556130455,1
0.33346772760091414,1
0.33352593625207944,1
0.33358638011150554,1
0.33364458185667895,1
0.3337094951918033,1
0.3337609751856818,1
0.3338146906147803,1
0.333881830843888,1
0.33393553978173957,1
0.3339870081404585,1
0.3340407114297979,1
0.3341033616224678,1
0.3341660078903367,1
0.3342264130749098,1
0.3342778664654199,1
0.33433826489373686,1
0.33439194932325206,1
0.33445905080756205,1
0.33451049222977214,1
0.33456640381791075,1
0.3346290210855373,1
0.33468492604711714,1
0.33474977188733507,1
0.33480567009894235,1
0.33486156518611404,1
0.33491522153065434,1
0.3349755814771536,1
0.33504264381161863,1
0.3350940552225043,1
0.33515887453868315,1
0.3352058100414883,1
0.335268387285294,1
0.33533096061343337,1
0.33538682634797623,1
0.3354449234013546,1
0.3355007827698232,1
0.33556110738328915,1
0.3356214283579156,1
0.33567727786807416,1
0.33573535805001536,1
0.3357934348588451,1
0.33585150829495497,1
0.3359073449570984,1
0.33596541177862627,1
0.3360212420813193,1
0.33608153530739354,1
0.33615075638054887,1
0.3361998781064283,1
0.3362534626919419,1
0.336318206902102,1
0.3363740175121599,1
0.33643205724260394,1
0.33649678989120746,1
0.3365525905356079,1
0.3366128517344445,1
0.3366798043632529,1
0.3367222053764203,1
0.3367846878032581,1
0.3368382410619867,1
0.33689848505015685,1
0.33696318751367005,1
0.33701450028397967,1
0.33706804123724454,1
0.3371349633978738,1
0.3371907284441341,1
0.3372464903808275,1
0.3373089400586744,1
0.3373624652500955,1
0.3374226776661368,1
0.3374828864568616,1
0.33753863210509194,1
0.33759437464591835,1
0.33765457310017394,1
0.3377147679307938,1
0.33777718837261705,1
0.3378329176176675,1
0.33788641477118575,1
0.3379465956481731,1
0.33800231545334647,1
0.3380647179494666,1
0.33812043117346036,1
0.33817836963391795,1
0.3382363047377049,1
0.33829423648521,1
0.33835216487682196,1
0.3384011785873034,1
0.33847246696888683,1
0.33852370235428275,1
0.3385838448921156,1
0.33863952920218465,1
0.33869521041168393,1
0.3387597967307651,1
0.338815471244212,1
0.3388733694502746,1
0.3389290376411508,1
0.3389913823360826,1
0.3390448175525748,1
0.339109381296493,1
0.33915835790794463,1
0.33921846228923813,1
0.3392807889432519,1
0.33933643445907236,1
0.3393943025110273,1
0.33945439271311534,1
0.3395078031949351,1
0.33956788657733616,1
0.33963019145738593,1
0.339683592550786,1
0.33974366537241335,1
0.3397881614322946,1
0.3398326555123647,1
0.3398949438987152,1
0.3399572284054643,1
0.34000393923982836,1
0.34006176867858756,1
0.3401329387818365,1
0.3402063276461099,1
0.3402641453823838,1
0.34031973620724376,1
0.3403842176927416,1
0.34043980184326883,1
0.34049538290437015,1
0.34055096087638864,1
0.34061098161690695,1
0.34066877596241324,1
0.34072878963221165,1
0.34078213209304525,1
0.3408443613679387,1
0.34090214222737847,1
0.34095325328171056,1
0.3410221379610075,1
0.341068799080194,1
0.3411332322846461,1
0.34119321808802405,1
0.3412465357815133,1
0.34130429340831275,1
0.3413642689516371,1
0.3414175775261118,1
0.341477546275748,1
0.341537511429349,1
0.34159303151375375,1
0.3416596515464222,1
0.34171072389930324,1
0.34176845472269407,1
0.34183284286330906,1
0.341886126465293,1
0.3419416271984719,1
0.34199934469354865,1
0.34205927856652685,1
0.34212364798486034,1
0.34217469664645334,1
0.3422324006913008,1
0.3422878822098665,1
0.3423433606504039,1
0.3424121496424172,1
0.34246318357888655,1
0.3425142149110261,1
0.3425807736047254,1
0.3426362357989349,1
0.3426894766115798,1
0.3427515873106113,1
0.34280260392762174,1
0.3428713613370915,1
0.3429312429710795,1
0.3429800327624907,1
0.3430399078896046,1
0.34309534462576996,1
0.3431529955714832,1
0.3432106431937563,1
0.34327493854444874,1
0.34332592846951565,1
0.34338799965188077,1
0.34344785035763814,1
0.34350769748150306,1
0.34355867553989283,1
0.34361851603175514,1
0.34367392070193986,1
0.3437381862738978,1
0.34379136845167624,1
0.34384676354612237,1
0.34391101801155294,1
0.34396640647858046,1
0.3440217918778956,1
0.3440749589754498,1
0.3441347685815549,1
0.34419900454463476,1
0.34425437706326784,1
0.34432524941333603,1
0.34438061494210753,1
0.34442490515818464,1
0.3444869081653504,1
0.34454447894421036,1
0.3445954041782283,1
0.34465296871140694,1
0.34471274375799943,1
0.3447680878376914,1
0.34484335087095996,1
0.3448986877229933,1
0.3449407416826565,1
0.3450004995305951,1
0.3450580407500422,1
0.3451155786586879,1
0.3451709004489594,1
0.34523064454509866,1
0.34528595997026174,1
0.3453501220303725,1
0.3454032185532265,1
0.3454563122569894,1
0.34552046338822806,1
0.34557355086755853,1
0.3456332709132731,1
0.3456885640720858,1
0.3457482772498067,1
0.34580577545853225,1
0.34587653794648243,1
0.3459207619588016,1
0.3459782502511055,1
0.3460401570239473,1
0.3460887953713144,1
0.34615511657820774,1
0.3462037493345894,1
0.3462678525363452,1
0.3463253208790403,1
0.3463827859193148,1
0.3464358276410614,1
0.3464954962152986,1
0.3465573709763824,1
0.346612613063796,1
0.3466722710907459,1
0.3467230880844015,1
0.34678936723896886,1
0.3468556420009011,1
0.3469086586481406,1
0.3469616724847644,1
0.347021309691773,1
0.34708094334239703,1
0.347140573437061,1
0.3471979916492502,1
0.3472509901498467,1
0.3473084020226378,1
0.34737022650736143,1
0.34742763153517453,1
0.3474916563326627,1
0.3475424317057346,1
0.34759541195515153,1
0.3476616333199539,1
0.34771902162246787,1
0.3477852348024462,1
0.34782716754894794,1
0.3478845463527922,1
0.3479441285492083,1
0.34800150064255503,1
0.3480610758711927,1
0.34811844125561153,1
0.34817800951810024,1
0.3482265439974452,1
0.3482993413000063,1
0.34834566409711737,1
0.3484008074864868,1
0.3484669755401335,1
0.34851329057278835,1
0.3485750406130558,1
0.348634581683732,1
0.3486830940091799,1
0.34875365319072266,1
0.3488153883908305,1
0.3488705058848062,1
0.34891680223214305,1
0.34898293615335757,1
0.3490380444135486,1
0.3491129867740917,1
0.34915486388241734,1
0.34920335097494243,1
0.3492650584199653,1
0.3493289656883369,1
0.3493994793140225,1
0.3494325308645288,1
0.34949202090271925,1
0.3495559136686477,1
0.3496065843390425,1
0.3496792812513283,1
0.3497299456711489,1
0.3497828101552589,1
0.34985769672416756,1
0.34993698227331654,1
0.34996781384484815,1
0.3500140594198707,1
0.35006470688161784,1
0.35013516864843175,1
0.3502232388756878,1
0.35028048036433446,1
0.35032671148250827,1
0.35039495351280125,1
0.350458788615746,1
0.35050501149145535,1
0.35055783501906684,1
0.3505842457365376,1
0.3506458680315035,1
0.35070528593413497,1
0.3507669007710072,1
0.35081971046687965,1
0.3508681169049454,1
0.35092752160387447,1
0.3509847227936749,1
0.3510375209879889,1
0.3510969156246706,1
0.3511541071260291,1
0.3512112953567067,1
0.35126848031707775,1
0.3513234627721903,1
0.35137404396105687,1
0.3514048312582206,1
0.3514708008462645,1
0.3515367660826088,1
0.3515917337890951,1
0.35164669847429864,1
0.3517082553352699,1
0.35178959251860814,1
0.35184234823547156,1
0.35189729914783546,1
0.3519610384234491,1
0.3520115873740746,1
0.35207531936568803,1
0.35212806001137764,1
0.3521829952262925,1
0.3522423218689164,1
0.352299447902144,1
0.3523565706721745,1
0.35241588701834886,1
0.35246860970581223,1
0.3525410988626743,1
0.35258722559037553,1
0.35264213558741314,1
0.35270363120477166,1
0.352754142632993,1
0.3528178273191534,1
0.35287272465565833,1
0.3529298146888518,1
0.35298470587806136,1
0.3530527667684338,1
0.35309886990114975,1
0.35316692302212516,1
0.35321521597597294,1
0.3532657015705779,1
0.35333374333947054,1
0.35338861236164165,1
0.35344786752426494,1
0.3534961469127062,1
0.353561978686216,1
0.3536124467777758,1
0.3536760768282953,1
0.3537265391620136,1
0.353781386636685,1
0.35384719963565353,1
0.35389765333507206,1
0.3539612652410489,1
0.3540139065170854,1
0.35407312464048046,1
0.35412795310962847,1
0.35418935742637125,1
0.3542441795231987,1
0.3542968059087648,1
0.3543603924297593,1
0.354415205151148,1
0.3544743995158617,1
0.3545248215814453,1
0.3545862015343334,1
0.3546431938316207,1
0.3547001828809711,1
0.3547593603795118,1
0.35481415123734206,1
0.3548689390932987,1
0.35493029792855196,1
0.35498727061892743,1
0.355042048991125,1
0.35509682436281714,1
0.35515816921731747,1
0.3552107475261483,1
0.3552720853926613,1
0.35532903861436715,1
0.3553772272685769,1
0.3554013207249049,1
0.3554670272009588,1
0.3555414893216744,1
0.35558309809193317,1
0.3556378438362863,1
0.355688207274193,1
0.35575608441659123,1
0.35582395695199576,1
0.35587650026740353,1
0.35591809510089334,1
0.3559881456467691,1
0.3560516247156619,1
0.35610196731897603,1
0.35616106192398406,1
0.35620702198032617,1
0.35627705229034834,1
0.3563558305274634,1
0.3564105339855014,1
0.3564652344512349,1
0.35652430759364784,1
0.35658775263768144,1
0.356635880675773,1
0.35669713119259344,1
0.35675619063812997,1
0.3568108722000677,1
0.3568699249287036,1
0.35692678722355,1
0.35697927262605944,1
0.35703612870366147,1
0.35709954128452004,1
0.35715201762098414,1
0.3572066775433588,1
0.35726570690392406,1
0.35732254669879127,1
0.3573815692202725,1
0.357431844916902,1
0.35749741811409974,1
0.3575476879868291,1
0.35760451175666447,1
0.357663517638694,1
0.3577159643888648,1
0.35777496369509393,1
0.3578361444843452,1
0.35790169117655485,1
0.35794757130489613,1
0.3580043723570417,1
0.358058985710894,1
0.3581135960822909,1
0.35817694037712083,1
0.3582293602075546,1
0.3582883292324534,1
0.35835166246025246,1
0.3584040731328244,1
0.3584608482618393,1
0.358517620167622,1
0.3585700221431885,1
0.35862678785147606,1
0.3586879165492354,1
0.358742492586221,1
0.35880579705782983,1
0.3588560012031748,1
0.3589149332883292,1
0.35897386190069736,1
0.3590306046900136,1
0.3590851620281528,1
0.35914189850251976,1
0.35919863175804195,1
0.35926627104864073,1
0.3593120886140124,1
0.3593688122151909,1
0.3594277140879602,1
0.3594866124915034,1
0.35954550742622876,1
0.35960221778897217,1
0.3596523819676151,1
0.35971126714045476,1
0.35977232958336386,1
0.3598290270847638,1
0.3598857213717393,1
0.3599358713310302,1
0.3599947398134069,1
0.36005360483048926,1
0.36010810638652213,1
0.3601691446030044,1
0.36022363986247535,1
0.36028031178220826,1
0.3603435189808753,1
0.3603936459874644,1
0.3604437704814626,1
0.3605113256070156,1
0.36056798122585176,1
0.36062027587132767,1
0.3606747465524971,1
0.3607335715557548,1
0.36079675011253803,1
0.3608555679395848,1
0.3609122040590673,1
0.360957946275547,1
0.3610189326429348,1
0.3610733816139172,1
0.3611365387063163,1
0.36118662597795326,1
0.36124324335122715,1
0.36130638971690265,1
0.361354291196632,1
0.3614239619804347,1
0.3614718578287447,1
0.36152192830839763,1
0.36158505707913824,1
0.3616438285593149,1
0.361713479174445,1
0.36177006672737494,1
0.3618114171449656,1
0.36187670379691517,1
0.3619463381945949,1
0.36198985723091626,1
0.3620355501808284,1
0.3620921195119982,1
0.36214868564325964,1
0.36222047650996947,1
0.36226180830750604,1
0.3623183648412147,1
0.36237926830055006,1
0.36243146831361195,1
0.36248801525302393,1
0.3625423842948699,1
0.36260544868036637,1
0.36265981133801795,1
0.36272286831871836,1
0.36277070199668077,1
0.36282940383808737,1
0.3628837543226354,1
0.3629402756931631,1
0.36299896758141764,1
0.36305548244049335,1
0.3631098206392823,1
0.3631685025777593,1
0.36323152749109366,1
0.3632836830363266,1
0.3633358358615004,1
0.3633945045388536,1
0.3634575152104921,1
0.3635096589708512,1
0.3635596275232617,1
0.3636204554346021,1
0.363676935182283,1
0.36373775595867897,1
0.3637964010613409,1
0.3638463552880763,1
0.36390282227879167,1
0.3639636293185281,1
0.364022261176708,1
0.3640743754981697,1
0.36413517210747465,1
0.36418510941445287,1
0.36424155728052143,1
0.3643045146030758,1
0.3643544434544729,1
0.36441305240364213,1
0.36446948740464474,1
0.3645302599979601,1
0.36458451812122844,1
0.3646366031500498,1
0.3646930255367317,1
0.364753784546986,1
0.3648123700965516,1
0.3648666129156292,1
0.3649251918556493,1
0.36497508972773235,1
0.36503149301996396,1
0.36509656978888194,1
0.36514862815499866,1
0.365202852738052,1
0.36525924318552516,1
0.36531563045329507,1
0.36537201454172014,1
0.3654283954511591,1
0.36548043654628903,1
0.36554114773451235,1
0.365606191346277,1
0.3656538873062213,1
0.3657124201480401,1
0.3657752849399837,1
0.36582514041331227,1
0.3658858306783955,1
0.3659400153027631,1
0.36599636419779785,1
0.3660570440724692,1
0.36611121942074865,1
0.3661653918342187,1
0.36622389474475525,1
0.36627806105484023,1
0.3663365573744634,1
0.3663950502724675,1
0.36644704108743525,1
0.36650336142017337,1
0.3665683424782177,1
0.366622490134558,1
0.36667230338900897,1
0.366730776652126,1
0.36678708100749935,1
0.36685420898050886,1
0.36690834116047905,1
0.3669559750550353,1
0.3670122667325422,1
0.36706855524147447,1
0.3671226758199717,1
0.36718328739073913,1
0.3672309081906476,1
0.3672936775985904,1
0.36734995026999884,1
0.3674062197749718,1
0.36746681416265176,1
0.3675144214630237,1
0.3675706817143055,1
0.3676312661376361,1
0.3676896833555867,1
0.3677437703296177,1
0.3678021809759481,1
0.3678627513760774,1
0.3679189920341944,1
0.36797522952947775,1
0.36802064981310273,1
0.3680790442894344,1
0.368143923041882,1
0.3681958230133487,1
0.36825636957583613,1
0.3683104259090352,1
0.36836447932030514,1
0.36841852980996165,1
0.36848122471818273,1
0.36853743060468325,1
0.3685871485633607,1
0.3686455099696277,1
0.3687103519820871,1
0.36876006134442346,1
0.36882273484468325,1
0.36887027763860936,1
0.368926461662913,1
0.36898912473547674,1
0.3690453020830564,1
0.36909715529526654,1
0.36914900581886045,1
0.36920733444451426,1
0.3692678197962765,1
0.3693218214833023,1
0.3693758202543035,1
0.3694298161095947,1
0.36949244764934686,1
0.36955075624653405,1
0.369606902052889,1
0.3696544075808139,1
0.36971486589806146,1
0.3697817976288006,1
0.3698292948491427,1
0.3698832662248969,1
0.36993939336583825,1
0.3699933587999115,1
0.3700494797621849,1
0.3701142308052389,1
0.3701617122389282,1
0.3702199818264283,1
0.37028256389798014,1
0.37033435299552353,1
0.3703926125244793,1
0.3704487110853502,1
0.37050049157921827,1
0.3705630560988995,1
0.37061483067241807,1
0.3706687596695135,1
0.3707248427415001,1
0.3707744520680636,1
0.37084562636856355,1
0.37090816929945347,1
0.3709534565662993,1
0.3709987417823013,1
0.37105911888042364,1
0.3711173362013869,1
0.37117770613976325,1
0.3712251371061564,1
0.37127903320096634,1
0.37133939337878846,1
0.3713954388532389,1
0.37145794740777044,1
0.37150752037973406,1
0.3715614012577469,1
0.371621744394703,1
0.3716863937152612,1
0.37174457453047716,1
0.37179413329587063,1
0.3718479987335566,1
0.3719018612699133,1
0.3719664924842271,1
0.37201604025313345,1
0.37207204781847775,1
0.37213020620100173,1
0.3721862073727332,1
0.37225297390205087,1
0.37230035389607263,1
0.3723498851260616,1
0.37241018070361465,1
0.3724683194247729,1
0.37251999545055353,1
0.37257597479849486,1
0.3726341038816756,1
0.3726943823250461,1
0.3727589623397067,1
0.3728041658686032,1
0.3728601293115749,1
0.372916089622815,1
0.3729720468026738,1
0.3730344568864419,1
0.3730861036655235,1
0.3731334442032347,1
0.37320229916673664,1
0.37325393727825623,1
0.3733098755568348,1
0.3733658107064975,1
0.37342389389670083,1
0.3734841247529866,1
0.37355510646232054,1
0.3735981232281117,1
0.37364974090459635,1
0.37370565704760145,1
0.37376157006416627,1
0.37381532963203823,1
0.3738733867193736,1
0.37392284009828575,1
0.3739830409110149,1
0.3740410882626209,1
0.3740969825278837,1
0.37414857446149635,1
0.37420661220539214,1
0.37426249721983995,1
0.3743183791113276,1
0.37437425788020395,1
0.37442798452121645,1
0.374492452680415,1
0.3745461729717639,1
0.3746020390136049,1
0.37465360489762733,1
0.37471591012666766,1
0.37476102528311206,1
0.3748254719760523,1
0.3748791743809663,1
0.3749350218229532,1
0.3749908661461775,1
0.37504455966999967,1
0.37510469299418797,1
0.3751605278433088,1
0.37520347560595174,1
0.3752464215241635,1
0.37530439558830125,1
0.3753816891126453,1
0.37543536165646835,1
0.37550405830925093,1
0.37555557770202047,1
0.3756242660971431,1
0.3756607548881125,1
0.37571870493733256,1
0.37578094384246313,1
0.3758431788741534,1
0.37590111835316486,1
0.3759526172942293,1
0.37600196795752294,1
0.376062043738848,1
0.376126406642667,1
0.3761693129438929,1
0.37622079807542735,1
0.376285150762496,1
0.37634735442373785,1
0.3764159884563788,1
0.3764567376845619,1
0.37650391892702434,1
0.37655967570738497,1
0.37661542937910025,1
0.37666903574754973,1
0.3767247833225447,1
0.3767783838294039,1
0.37683841298644105,1
0.3769005822433347,1
0.3769455989477551,1
0.37699918762040874,1
0.37705920352464123,1
0.37711707259267613,1
0.37716850895305065,1
0.3772263716962108,1
0.3772799453251405,1
0.37733994438231616,1
0.37739565456936686,1
0.3774492191302093,1
0.3775070656334578,1
0.37756062422710757,1
0.37761846428650625,1
0.37767844303690984,1
0.377727708605107,1
0.37778768080372727,1
0.3778390826829055,1
0.37789690663895836,1
0.3779675758226194,1
0.37801040320045554,1
0.37806179363285314,1
0.3781238868819451,1
0.3781774124505869,1
0.3782394985211686,1
0.3782930179021549,1
0.3783379719687395,1
0.3784021885584753,1
0.37845355886131443,1
0.3785070667874564,1
0.3785627119936361,1
0.3786183541035993,1
0.37867827291362965,1
0.3787381881336114,1
0.37878954117939323,1
0.3788430311313186,1
0.3789029364808841,1
0.37895642036780636,1
0.3790077622082087,1
0.3790676576906097,1
0.3791168548675574,1
0.3791852990876836,1
0.379232351771727,1
0.37929223380414107,1
0.37934141993409004,1
0.3793948803749804,1
0.3794590291316926,1
0.379514621392409,1
0.37956807257492214,1
0.3796215209005592,1
0.37967710412897565,1
0.3797348219040355,1
0.3797968113594353,1
0.37984597267803727,1
0.379901543432446,1
0.37995924825519606,1
0.38001267567779506,1
0.3800703740882198,1
0.38012806916973,1
0.38018148757366504,1
0.3802370396869031,1
0.3802904522702794,1
0.3803481346561243,1
0.38039940509488235,1
0.38045921728462445,1
0.38051261800255637,1
0.38056815172435526,1
0.3806215466255821,1
0.38067707429866643,1
0.3807368698832076,1
0.3807923911532067,1
0.3808479093407657,1
0.38090342444622666,1
0.38095893646993173,1
0.3810144454122231,1
0.38106995127344273,1
0.38112545405393283,1
0.38118308829637343,1
0.3812343159456544,1
0.3812919439144446,1
0.38134530018387225,1
0.3814029217574054,1
0.381454138146661,1
0.3815181549446907,1
0.38156723171463836,1
0.38163550843166427,1
0.3816781790126521,1
0.38173578140892767,1
0.3817912472473187,1
0.38184671000942105,1
0.381904302699005,1
0.3819597591912681,1
0.3820109470699895,1
0.38207066295037945,1
0.3821325077817173,1
0.3821815544112107,1
0.38223486323671274,1
0.3822924335764895,1
0.3823500006021131,1
0.38240756431396516,1
0.3824565974550486,1
0.3825141550312936,1
0.3825717092948548,1
0.3826249973262689,1
0.38268041386684165,1
0.3827336961060723,1
0.3827891066234289,1
0.38284877605479695,1
0.3829041801960576,1
0.38295318899314645,1
0.38301284863490803,1
0.38307037420450685,1
0.3831215052662119,1
0.38317902458579545,1
0.38323441043344747,1
0.38328766316346136,1
0.38334517292682446,1
0.38340693898894873,1
0.3834644418933938,1
0.3835155528104839,1
0.38356879057140136,1
0.38362415483633777,1
0.383681645251956,1
0.38373061596215835,1
0.38379022924231143,1
0.3838498389689333,1
0.3839051876764487,1
0.38395627607215654,1
0.3840094903757481,1
0.38406695864317025,1
0.3841222953350293,1
0.38417975712029756,1
0.3842308314909767,1
0.38429041495998645,1
0.3843478670858904,1
0.3844031882358185,1
0.38446063388320945,1
0.3845074390079537,1
0.3845691333253949,1
0.3846180605950183,1
0.38468187517539526,1
0.38473079692931367,1
0.3847946043161038,1
0.38484352055556065,1
0.3849009409140708,1
0.38495835797567285,1
0.38500726620576814,1
0.385064677162984,1
0.38511570635807335,1
0.3851773631614428,1
0.38523263844298883,1
0.3852879106693469,1
0.3853431798408547,1
0.3853963203944431,1
0.38545583446209825,1
0.38550471836814476,1
0.3855642259851373,1
0.38561310459299925,1
0.38567473073695396,1
0.3857321033882769,1
0.3857830985373744,1
0.3858362157192016,1
0.38589357910671657,1
0.3859488148144912,1
0.38600829601101555,1
0.3860592770779329,1
0.38611662767168653,1
0.3861697271408106,1
0.3862291951990472,1
0.386280165005819,1
0.3863353793649642,1
0.3863693559168997,1
0.38640970157300514,1
0.38647340192656365,1
0.38653497507814105,1
0.38657319098955284,1
0.3866262662215836,1
0.386696321214782,1
0.3867621259805566,1
0.3868088235100535,1
0.3868576413230464,1
0.38690221202757863,1
0.3869722476927392,1
0.38703803430433853,1
0.3870847189516764,1
0.38714413262362857,1
0.38719929930127184,1
0.38728204361185214,1
0.3873308383293032,1
0.3873859947082585,1
0.38744963290392503,1
0.38749841944478863,1
0.38755356658160567,1
0.3876065898068512,1
0.3876596102207835,1
0.3877211103793248,1
0.38777412472183737,1
0.38783561783833853,1
0.3878886261108219,1
0.3879373912399478,1
0.3879946342269026,1
0.3880497540064375,1
0.3881048707479497,1
0.388164223841641,1
0.38821297553338746,1
0.3882723222112626,1
0.38832742668724346,1
0.3883825281268885,1
0.3884333882995698,1
0.3884906029020233,1
0.38854781423115353,1
0.3886050222873347,1
0.38865375249467016,1
0.38871519154556217,1
0.3887702716235356,1
0.3888253486678611,1
0.3888783045037654,1
0.3889312575354977,1
0.38899056160229145,1
0.3890456265153664,1
0.3891006883964636,1
0.3891515120574299,1
0.38921080306406036,1
0.38926797320559314,1
0.38931878836546013,1
0.3893759523339677,1
0.38942676200729365,1
0.3894860366968069,1
0.3895368407772323,1
0.3895961089424131,1
0.38965325706082676,1
0.3897019362154699,1
0.389759078286547,1
0.3898183332819721,1
0.389873352633985,1
0.389930484911092,1
0.38998549809311067,1
0.39003416107762107,1
0.3900933997757411,1
0.3901462885052709,1
0.39019917443773106,1
0.39026263386496757,1
0.39031128336542076,1
0.39036839062873985,1
0.3904212648167368,1
0.39047625100675754,1
0.3905333488502722,1
0.3905883288777338,1
0.3906411914382605,1
0.3906961655370163,1
0.3907532508256243,1
0.39080187646424175,1
0.3908695255936023,1
0.390922373291833,1
0.3909731044547288,1
0.39103017393683887,1
0.3910851266563783,1
0.3911379629621183,1
0.3911929097588396,1
0.3912436271993103,1
0.39130068124535566,1
0.3913619578914715,1
0.3914147795728825,1
0.39146759846431073,1
0.3915288648834662,1
0.3915753403528767,1
0.39163660017163027,1
0.391689407348349,1
0.39174009961462103,1
0.3917992373442986,1
0.3918541478191191,1
0.3919069435093135,1
0.3919618480704182,1
0.392020972688237,1
0.3920695367236222,1
0.39213076627640164,1
0.39218143617469264,1
0.3922405478112578,1
0.39229543405952205,1
0.39234398476810806,1
0.39240730823707326,1
0.3924621853334977,1
0.3925128384420265,1
0.39256982012243163,1
0.3926183575115305,1
0.3926795534705062,1
0.39273441562934597,1
0.3927850549507899,1
0.3928399113220547,1
0.3929010937247489,1
0.3929559437310915,1
0.39300446238283093,1
0.3930614160573602,1
0.3931141480491337,1
0.39317531367617947,1
0.39324069348544144,1
0.3932828717391835,1
0.39333559205475854,1
0.39339463550864895,1
0.39344524140888615,1
0.39350006157766154,1
0.3935590953217885,1
0.3936096929002836,1
0.39367715235612216,1
0.3937235280923453,1
0.3937741173518346,1
0.3938289194950337,1
0.3938816110314153,1
0.39393851477243,1
0.39399962999888616,1
0.3940502052928659,1
0.39410709944131816,1
0.39416820436586725,1
0.3942187711350829,1
0.394275655694206,1
0.3943304303596729,1
0.3943767758102433,1
0.39443786425896316,1
0.39449473635679017,1
0.39454528661745075,1
0.3945979404218582,1
0.3946505914539885,1
0.39470955731908747,1
0.3947664139676981,1
0.39481695049719695,1
0.39487169552225654,1
0.394936964520032,1
0.394993808240869,1
0.39505696414123,1
0.3951032759332731,1
0.3951495855806334,1
0.39520431239910336,1
0.39526114092535514,1
0.395313757051789,1
0.3953642659287349,1
0.39542318972765345,1
0.39547579732862215,1
0.3955452351244841,1
0.3955894203024681,1
0.395639915258243,1
0.39570303036760035,1
0.3957472085740777,1
0.3958103169121826,1
0.3958629041517958,1
0.3959133853002527,1
0.3959722767528064,1
0.3960311647373611,1
0.39607743143544133,1
0.3961342103666878,1
0.3961930888163511,1
0.39624145066390926,1
0.39630032279995453,1
0.39635078187240136,1
0.39640334069887995,1
0.39646640764446356,1
0.39651685833733047,1
0.3965715103824867,1
0.39663036309098926,1
0.39667660207508504,1
0.3967375501966934,1
0.39679219018224826,1
0.3968468271824384,1
0.3969035624462569,1
0.396953991089737,1
0.3970149223078655,1
0.3970737489269276,1
0.39711996741433087,1
0.39717458650917997,1
0.39723550428805254,1
0.397281715300145,1
0.3973447268753922,1
0.39739513327701576,1
0.3974497373450324,1
0.39750643841386285,1
0.3975568366650541,1
0.3976156314147,1
0.397661824864477,1
0.3977206134418733,1
0.39777310032278945,1
0.3978339816535483,1
0.39788226421148354,1
0.39794103983137336,1
0.3979914161847238,1
0.39805018538967735,1
0.39810895114101436,1
0.39815722042486495,1
0.3982117828968103,1
0.39827263752665976,1
0.39832509544230904,1
0.3983817469005222,1
0.39843210105810783,1
0.39848035474663956,1
0.39853909522492986,1
0.398597832252979,1
0.3986502731128113,1
0.39870900361115647,1
0.39875934129311685,1
0.3988201626116369,1
0.39887678603130805,1
0.39892711526841146,1
0.39897953886365456,1
0.399038250027809,1
0.399088571139413,1
0.3991472759026923,1
0.39919759152843015,1
0.39925209726622074,1
0.399308696234248,1
0.3993610998299852,1
0.39941769262909055,1
0.3994679946508233,1
0.3995182941423899,1
0.3995790693193114,1
0.39963145874881295,1
0.399685940844124,1
0.3997425152630728,1
0.39979489613065855,1
0.39985146438603525,1
0.39990593449662304,1
0.39996249647127946,1
0.4000127710964301,1
0.4000777054132967,1
0.4001258797625595,1
0.40018871238276327,1
0.40023478712857496,1
0.400282953911305,1
0.4003436826350677,1
0.4003981259418001,1
0.40045256628462006,1
0.40050490997329186,1
0.4005593445032213,1
0.4006221498944567,1
0.4006702980232308,1
0.4007226303165589,1
0.4007749598713614,1
0.4008335657219166,1
0.400887982365051,1
0.4009423960471755,1
0.40099889942954575,1
0.40104702942238785,1
0.40110561933071154,1
0.40116002117201793,1
0.4012144200539251,1
0.40126881597675496,1
0.4013211169584564,1
0.40137759894646996,1
0.4014382612322225,1
0.4014863700837375,1
0.40153865968868063,1
0.4015951293911316,1
0.40164950460943016,1
0.4017038768712251,1
0.4017582461768379,1
0.40181261252659006,1
0.40186906676156126,1
0.4019255178096317,1
0.40197778445735505,1
0.4020300483734185,1
0.40208858071673576,1
0.4021408388426249,1
0.4022014548475681,1
0.4022495269976042,1
0.40230386664549667,1
0.40236238296425175,1
0.4024146267840809,1
0.402466867874636,1
0.4025232851872437,1
0.4025776099616524,1
0.4026277532880042,1
0.4026883397862171,1
0.4027384775606536,1
0.4027907017360718,1
0.4028512783629123,1
0.40290349664788766,1
0.4029578007718815,1
0.4030141903949526,1
0.40306431183503566,1
0.40313113651424987,1
0.4031833401879386,1
0.4032355411365462,1
0.40328356360271783,1
0.4033357593199666,1
0.4033921276347255,1
0.4034484927722766,1
0.4034965050133198,1
0.4035549515869061,1
0.4036196563090167,1
0.4036655732494537,1
0.40372400994270485,1
0.40377618267620263,1
0.4038262659396386,1
0.4038888664917959,1
0.4039368575946719,1
0.4039890192247974,1
0.4040432644340199,1
0.4041016790610591,1
0.4041517460256346,1
0.40420806836465367,1
0.40426021585027017,1
0.40431236061666814,1
0.4043728451394273,1
0.40442289852972074,1
0.4044812909854319,1
0.4045396800316636,1
0.4045876399121901,1
0.4046418526597053,1
0.40470023233192015,1
0.40474609968354724,1
0.4048044732703497,1
0.4048482512244044,1
0.404898280825262,1
0.4049545611345684,1
0.40502125962199664,1
0.4050754488675287,1
0.40513380323276443,1
0.40518381854996577,1
0.4052463341788934,1
0.4052900927938777,1
0.4053442674738957,1
0.405402606154958,1
0.40546094143281713,1
0.4055067739067995,1
0.4055609368497771,1
0.4056234289080984,1
0.4056817513059988,1
0.4057359047727712,1
0.40577755929020953,1
0.4058337901365924,1
0.40588793537078366,1
0.4059420776734274,1
0.40600454591875634,1
0.406048271368745,1
0.4061065689947989,1
0.4061627813442506,1
0.4062169087685479,1
0.40627103326322556,1
0.406325154828601,1
0.4063730291564181,1
0.4064333891727129,1
0.4064916643522898,1
0.4065416118034192,1
0.406597799704098,1
0.4066519035877296,1
0.40670600454428935,1
0.406758021934755,1
0.40680795608410586,1
0.406866209440452,1
0.4069202988044159,1
0.40697646543209265,1
0.4070367890370497,1
0.40708462930879136,1
0.4071345471523511,1
0.40719070174804733,1
0.40724269393259394,1
0.40729468341409386,1
0.40735498782662755,1
0.4074048921766336,1
0.4074589524122247,1
0.40751508879454074,1
0.4075691430733659,1
0.40762735210617673,1
0.4076730853979424,1
0.4077292097612315,1
0.4077853309747531,1
0.40783937064820036,1
0.4078913291188456,1
0.40795367572024865,1
0.40800147214903326,1
0.40805965602255806,1
0.40811160304906996,1
0.40816354737722843,1
0.40822172182162697,1
0.40827366043020347,1
0.408327673721641,1
0.4083796068276576,1
0.4084377687046407,1
0.4084896960935459,1
0.4085436977177617,1
0.4085976964259596,1
0.4086475387994638,1
0.40870568509556116,1
0.40875759857449223,1
0.4088136621048691,1
0.4088676462376998,1
0.40891747515841553,1
0.40897768179175154,1
0.40903165707108674,1
0.4090835536308754,1
0.40913752319620517,1
0.40918941426233946,1
0.4092454535895086,1
0.4093056404801994,1
0.40935337233509944,1
0.4094073273407882,1
0.409465429476058,1
0.4095173035300167,1
0.4095712496917604,1
0.4096231182568281,1
0.4096770587107294,1
0.40973721963083615,1
0.40978285653533436,1
0.4098409368562858,1
0.409890717303781,1
0.4099425693015982,1
0.41000271425094414,1
0.4100587080211335,1
0.4101084776293324,1
0.41016653904173406,1
0.41021837673998607,1
0.4102702117512303,1
0.41032826377415227,1
0.4103821662066161,1
0.4104360657337645,1
0.41049203524490624,1
0.4105459288506503,1
0.41059360154239416,1
0.41065163479546446,1
0.41070137490341063,1
0.4107573295677129,1
0.41081328110126586,1
0.41086715739715923,1
0.41091895879062823,1
0.4109790450455011,1
0.41102876887109674,1
0.41108263355887054,1
0.41113442379186577,1
0.41119035423098604,1
0.4112421388855473,1
0.41130427693145005,1
0.4113519134852652,1
0.4114036897744286,1
0.41146167603584277,1
0.41151344664236783,1
0.4115734971883799,1
0.4116190503696563,1
0.4116708128296684,1
0.4117267132771972,1
0.4117805403845413,1
0.41183436459468403,1
0.4118881859079371,1
0.4119440742058735,1
0.4119978896148939,1
0.41205791107775913,1
0.4121055117454193,1
0.4121613878990437,1
0.41221519161482395,1
0.4122710616404662,1
0.41232485945587405,1
0.4123765853953062,1
0.4124283086593041,1
0.4124841667796928,1
0.4125462276987108,1
0.41259173659157006,1
0.4126455171585957,1
0.4126951581918839,1
0.41275100140896415,1
0.4128130457707027,1
0.4128606105078701,1
0.412912308743214,1
0.4129702075939378,1
0.41302396781097667,1
0.4130756576019444,1
0.41313354699600335,1
0.41318523112330247,1
0.41324104698060216,1
0.41329479263961955,1
0.4133464684339655,1
0.41339814155806165,1
0.4134539455331794,1
0.413507679751349,1
0.41356554414203245,1
0.4136110066716168,1
0.41366679876961043,1
0.41369572678019173,1
0.4137556464258987,1
0.4138155624814568,1
0.4138568818075444,1
0.4139105943791913,1
0.41395190977889257,1
0.41402007645677485,1
0.41408410758831965,1
0.41413367726160377,1
0.4141853097252169,1
0.4142493302779014,1
0.41430508677483835,1
0.41436909966003443,1
0.4144227847269265,1
0.4144702729606933,1
0.4145280816799158,1
0.414581758212755,1
0.4146416247928738,1
0.41468703842853216,1
0.41475515501525706,1
0.414802627468343,1
0.4148500976679023,1
0.4149037569192861,1
0.4149491586524018,1
0.414996621896771,1
0.41506884425085916,1
0.4151224917660636,1
0.41517407320129746,1
0.41522977816307666,1
0.41528135406476374,1
0.4153370530509534,1
0.4153865606565695,1
0.41544019113024255,1
0.41550000634250633,1
0.41554950588155204,1
0.4156072522471562,1
0.41565468426728447,1
0.41571448665135535,1
0.41576809954155663,1
0.41581758581221945,1
0.4158732549396822,1
0.41592479766500484,1
0.4159783992813126,1
0.41603405945739874,1
0.41609383915890963,1
0.41614124810539893,1
0.4161948381211796,1
0.4162484252652242,1
0.41630200953784086,1
0.4163555909393371,1
0.4164050481464987,1
0.41646480567519245,1
0.41651631792017957,1
0.4165698878402702,1
0.41662963551965715,1
0.41667701907201105,1
0.416730580384276,1
0.4167882585893461,1
0.4168376944031315,1
0.4168933067725726,1
0.41694273739361665,1
0.41700246280092573,1
0.4170539473581441,1
0.4171136661239602,1
0.4171589676364208,1
0.41721868013107205,1
0.41726809467172266,1
0.4173195655551699,1
0.41738956170541025,1
0.4174286750672601,1
0.41748013768636894,1
0.4175357143404832,1
0.41759334612689947,1
0.41764274215752667,1
0.41769830977561456,1
0.4177456427186314,1
0.41780120461923304,1
0.4178670517633429,1
0.4179143767201675,1
0.41796581435050906,1
0.4180193066795161,1
0.41807279614724696,1
0.4181303969898809,1
0.4181777094858399,1
0.4182291335730993,1
0.418286725411529,1
0.41833608720468846,1
0.4183957294540417,1
0.4184471423313335,1
0.41849855256547724,1
0.4185520164054275,1
0.4186116457780516,1
0.41865687948210345,1
0.4187165026023223,1
0.4187699547914077,1
0.4188213484327921,1
0.418874795018082,1
0.41893234968475374,1
0.41898373498096525,1
0.4190412833781554,1
0.4190926630772256,1
0.41914198510486417,1
0.41919952439599584,1
0.41925089596554227,1
0.41930637429664497,1
0.4193597949659365,1
0.4194111583030032,1
0.41946251900201315,1
0.41951798559419073,1
0.41957139496056295,1
0.41963096358106367,1
0.41968436691385513,1
0.4197316059464497,1
0.4197850039050174,1
0.419840452613436,1
0.4199000052091768,1
0.41994723405656537,1
0.42000062050258075,1
0.4200540040986357,1
0.4201114909382716,1
0.42016076274208114,1
0.42021003211829977,1
0.42026545726511355,1
0.42031882672547893,1
0.42037835084046005,1
0.42042966188907427,1
0.4204748134340856,1
0.4205343282650965,1
0.42059178749983744,1
0.4206369317253857,1
0.42069438506508194,1
0.4207477316393212,1
0.42079902373860534,1
0.4208605707851872,1
0.4209077542890224,1
0.4209569868760817,1
0.4210205753805322,1
0.42106980241356734,1
0.42112107799624876,1
0.4211744018133443,1
0.4212236212747292,1
0.421278990273231,1
0.4213364067374178,1
0.4213897190739051,1
0.4214409782557172,1
0.4214942850176926,1
0.42154963903225673,1
0.4216111398994383,1
0.4216541882560739,1
0.42170748365402894,1
0.421768974814694,1
0.42181611547731596,1
0.4218735011108384,1
0.4219226861758033,1
0.4219739180461364,1
0.42203129462503264,1
0.4220866189227612,1
0.42213374461416,1
0.42218701446077594,1
0.4222443788145824,1
0.42229559420707247,1
0.4223488554329127,1
0.42240006547500825,1
0.42245332113701944,1
0.4225127183373805,1
0.42256801600782673,1
0.42261511901904897,1
0.42267041102742237,1
0.42273184300688244,1
0.42278098587339574,1
0.4228362687116716,1
0.422883359089376,1
0.42293249451070153,1
0.4229939103924584,1
0.4230409933475163,1
0.4230962618141067,1
0.42314948041361045,1
0.42320269618104556,1
0.4232620488886209,1
0.4233111657068433,1
0.4233623264939529,1
0.42341348466377027,1
0.4234666863842446,1
0.42352193132909055,1
0.42358944878391264,1
0.42362832040221476,1
0.4236794649664281,1
0.4237387893840689,1
0.423785837281906,1
0.4238451553895939,1
0.42389628886536207,1
0.42394741972663164,1
0.42400468318765105,1
0.42405580850706753,1
0.4241232899266977,1
0.4241600960545132,1
0.4242132580698568,1
0.42427255082992144,1
0.42432570686743765,1
0.4243809043774307,1
0.4244360988408267,1
0.4244872021093008,1
0.4245383027663641,1
0.4245975762573345,1
0.4246466275240934,1
0.4246997636814216,1
0.4247508534778807,1
0.424801940664306,1
0.4248632418431469,1
0.424910236868834,1
0.4249633590211927,1
0.42501852134656437,1
0.42507163774708273,1
0.42512475132639893,1
0.42517581941549315,1
0.4252309700226235,1
0.4252840751401309,1
0.42534330444435714,1
0.42538823467996256,1
0.42544541569669736,1
0.42549646741311814,1
0.4255495584336013,1
0.4256087720159894,1
0.4256557320193464,1
0.42571289774279425,1
0.42576393580597216,1
0.425814971264399,1
0.4258741691332929,1
0.42592519896636494,1
0.42597622619552616,1
0.4260292917519104,1
0.4260864361251442,1
0.4261374551276929,1
0.4261884715274358,1
0.4262374448227158,1
0.42630069844630225,1
0.42635374678763593,1
0.42640475215443163,1
0.4264577949763222,1
0.4265067550840444,1
0.4265618323401092,1
0.42662098601423265,1
0.42666585888124925,1
0.426716848331543,1
0.42677191401778236,1
0.4268290159712967,1
0.42688611466436377,1
0.42693301472340534,1
0.42698195157041396,1
0.4270370026608983,1
0.42709408947977107,1
0.42714097978602444,1
0.42719806066965205,1
0.4272551382952383,1
0.42732036587837563,1
0.4273876273676316,1
0.4274304277781144,1
0.42746099837837037,1
0.4275160231038466,1
0.42757104480176905,1
0.4276219881191885,1
0.427677003987205,1
0.42772386696902354,1
0.42778906398628325,1
0.4278399961985756,1
0.4278868515428945,1
0.42793777877502076,1
0.4279948141960695,1
0.42804369911080564,1
0.4281007284911358,1
0.4281536814322767,1
0.4282025585816081,1
0.42825754251918474,1
0.4283145597058093,1
0.4283736097935363,1
0.4284163680252659,1
0.42847134020833705,1
0.42852630936963343,1
0.4285812755094873,1
0.4286342030110366,1
0.4286830566800585,1
0.4287339433808302,1
0.42878889810934234,1
0.4288418146233776,1
0.42889879850712964,1
0.428943569280776,1
0.4290046171056609,1
0.4290575222061319,1
0.42910432053889913,1
0.42915925491776274,1
0.42921011739276216,1
0.42926911462296097,1
0.42931793728482276,1
0.4293728599303588,1
0.4294216775274849,1
0.4294542212683096,1
0.42950913642948396,1
0.42957014973853935,1
0.4296352264986346,1
0.4296799643147046,1
0.4297450339290476,1
0.4297918000992221,1
0.42984263041239856,1
0.4298995572959314,1
0.4299503821322102,1
0.4300052700541366,1
0.43005812224283935,1
0.43011706946578165,1
0.4301577206985359,1
0.43022072684368834,1
0.43027559992936804,1
0.4303264056574201,1
0.43037720880438113,1
0.4304300413394813,1
0.4304849029409458,1
0.43053976153278023,1
0.4305885221991856,1
0.4306433751070638,1
0.4307022878420842,1
0.43075104058443564,1
0.4308018221637334,1
0.43085463227078774,1
0.4309013465792872,1
0.43096633676985335,1
0.4310130458605678,1
0.4310658448143485,1
0.4311206715466585,1
0.431165342957978,1
0.43122422495137375,1
0.43127498250791585,1
0.43132573748825925,1
0.4313805499737451,1
0.4314353594549872,1
0.43148813611634784,1
0.43154496940605647,1
0.43159571068541747,1
0.43164036088158125,1
0.43170327368344397,1
0.4317519776505947,1
0.4318067667784162,1
0.4318554657054261,1
0.43189604633305173,1
0.4319427120190711,1
0.43199343312098787,1
0.43205226637640093,1
0.43209283901867945,1
0.4321394955223511,1
0.43220643366038014,1
0.432291621174376,1
0.43233421221018636,1
0.43238288545856746,1
0.43244169580636643,1
0.43249036382358025,1
0.43254105715630253,1
0.43259377549641703,1
0.43265257344337194,1
0.43270325855402325,1
0.4327681317472262,1
0.4328086753559373,1
0.4328593525553639,1
0.4329181348894651,1
0.4329647529044989,1
0.4330215023375263,1
0.4330701421455708,1
0.4331309385788655,1
0.4331775466747001,1
0.433228205184682,1
0.4332930443329616,1
0.4333376188088137,1
0.43338624324381736,1
0.4334389170471213,1
0.43349766532393974,1
0.43354425633087107,1
0.43360299841969585,1
0.4336516099527917,1
0.43370224445373373,1
0.43376300247077276,1
0.43380958111730683,1
0.43386830762292455,1
0.4339209560408518,1
0.43397157690577076,1
0.43402421988715734,1
0.43407078636841,1
0.43412949753680957,1
0.43417808348333414,1
0.43423273985167493,1
0.4342833449366872,1
0.43434001959179647,1
0.43438657137003234,1
0.43444526400179634,1
0.4345019294812015,1
0.43454442648365144,1
0.43460108634440475,1
0.4346516727931153,1
0.4347083265778056,1
0.4347649771530264,1
0.43481150915339506,1
0.43486613091289683,1
0.4349167039560595,1
0.43496929720795285,1
0.4350239103497087,1
0.4350744754143163,1
0.4351250379222276,1
0.4351836872287164,1
0.4352342442150454,1
0.43528682076955416,1
0.43534141657357683,1
0.4353939874937823,1
0.4354485774474246,1
0.4355011427345342,1
0.4355496620856783,1
0.4356022220596529,1
0.4356588220192396,1
0.4357113762562349,1
0.4357619065719085,1
0.4358144553917954,1
0.4358629595439623,1
0.43592358642594037,1
0.43597612675065167,1
0.4360226024292303,1
0.43608119911934223,1
0.43612160862932176,1
0.4361822198327151,1
0.43623676677491807,1
0.4362872705500859,1
0.43633777177475136,1
0.43638827044917194,1
0.4364448259371902,1
0.4364993585573043,1
0.4365498490726717,1
0.4365983175691681,1
0.4366588998864199,1
0.4367053438442209,1
0.4367598622598484,1
0.43681437770338033,1
0.4368688901751408,1
0.4369173432110357,1
0.43696983135074696,1
0.43702433534923446,1
0.43707479936587806,1
0.43713131604134003,1
0.43717975636388134,1
0.4372382852898014,1
0.43728672043112043,1
0.43733717120883,1
0.4373916551900484,1
0.43744411844056225,1
0.437494561278245,1
0.43754903668513423,1
0.4375994742308539,1
0.43765394392302287,1
0.43771042787756026,1
0.43775682302503954,1
0.4378092671216617,1
0.43786372538798624,1
0.43791818068876937,1
0.4379726330243342,1
0.438019016008644,1
0.4380754793468118,1
0.4381299231180042,1
0.43818638019451034,1
0.43822872091025633,1
0.43828517240936105,1
0.43833960476557976,1
0.43838798659498684,1
0.43844846059017945,1
0.4384928058624768,1
0.4385431958304495,1
0.43859962958026544,1
0.43864598349239275,1
0.43870241144197725,1
0.4387568210922474,1
0.43880518274066377,1
0.4388595867996228,1
0.4389200322828525,1
0.43896838603894156,1
0.4390187520487453,1
0.43907515896827753,1
0.43912350522417176,1
0.4391778919683227,1
0.4392282474275197,1
0.4392806144153825,1
0.43933297866108756,1
0.43938534016492176,1
0.4394376989271726,1
0.43949206858649975,1
0.4395363676048811,1
0.43959475876729454,1
0.4396491198882343,1
0.43969945162471996,1
0.43975179394349667,1
0.43980614652873035,1
0.4398524445490956,1
0.43991484283738996,1
0.4399591231316599,1
0.44001145186074797,1
0.44006780281450264,1
0.4401181134828904,1
0.4401724461618973,1
0.44022677588902465,1
0.44027909061442455,1
0.44032939065417215,1
0.4403837118554485,1
0.440427971393386,1
0.4404883221520134,1
0.44051648459297477,1
0.4405647612180458,1
0.4406230923639778,1
0.4406693525776879,1
0.44071762182355084,1
0.4407578444153793,1
0.4408242081550606,1
0.44088252416955975,1
0.4409227401292688,1
0.44097501845910875,1
0.4410212623958834,1
0.4410936399170653,1
0.44114992992319163,1
0.44119415556241,1
0.44124239948368543,1
0.44131074105488477,1
0.4413750582673988,1
0.44142530321151197,1
0.44148157455193027,1
0.44153583320293294,1
0.4415860700697705,1
0.44164032305143724,1
0.4416925638816765,1
0.4417407837643508,1
0.44180105534812547,1
0.44185127889313475,1
0.4418994911233815,1
0.4419517184165733,1
0.44199992580476677,1
0.4420581732983835,1
0.4421124006737817,1
0.44216260858475165,1
0.44221281397501366,1
0.442263016844821,1
0.44231924106703396,1
0.4423714464429948,1
0.44241963360192943,1
0.44247384138035734,1
0.44253005375070725,1
0.44258224812255986,1
0.44263243244960354,1
0.44268863590613095,1
0.44273078642564245,1
0.44276490697354143,1
0.44281708908913653,1
0.4428813094935866,1
0.4429174316587532,1
0.44296559251602563,1
0.44301575760935835,1
0.4430759523997181,1
0.44313614356688313,1
0.4431822876749407,1
0.44322642352509467,1
0.44329061764814476,1
0.4433548076505739,1
0.44341498203596086,1
0.44346512459125603,1
0.44352328680568837,1
0.443571418493997,1
0.44362756920251323,1
0.4436756958719164,1
0.44373184072565375,1
0.4437879824273235,1
0.44384011118536765,1
0.4438842180121091,1
0.44393634175388386,1
0.4439904673794741,1
0.4440425855835728,1
0.44410271859781836,1
0.44414681384355637,1
0.4442009280787199,1
0.44425503938569144,1
0.44430714380295544,1
0.4443572416440495,1
0.44440733697547563,1
0.44445742979748537,1
0.44451353077926725,1
0.44456762517399934,1
0.44461570662398475,1
0.44466779225277026,1
0.4447198751687843,1
0.4447739584028947,1
0.4448280387121671,1
0.44488011328296423,1
0.4449301824284647,1
0.4449842542899818,1
0.4450363207267669,1
0.4450943916313576,1
0.4451424477609262,1
0.4451905015812142,1
0.44524656145317215,1
0.44529661225474626,1
0.4453466605513629,1
0.445398708122855,1
0.44545275465693396,1
0.44550479670692195,1
0.44556284041384964,1
0.445608872682478,1
0.44566090660860963,1
0.44570893552202473,1
0.445766967381532,1
0.44581699214379966,1
0.44586901524206707,1
0.44591703416153045,1
0.44597305332009746,1
0.4460250683004234,1
0.44607508015324304,1
0.4461290901451046,1
0.4461870976280862,1
0.4462351012763726,1
0.4462951025964197,1
0.4463351014764564,1
0.4463870976287527,1
0.4464450901477341,1
0.446499080159595,1
0.44654506935214294,1
0.4466010533407367,1
0.4466450385617096,1
0.44670101695406494,1
0.44675499315057515,1
0.4468029695461979,1
0.4468589390987758,1
0.44690890926659593,1
0.44696287424333925,1
0.44702083338216253,1
0.44707079546095524,1
0.4471167583688966,1
0.4471747085896731,1
0.44722666110508574,1
0.44727261684971187,1
0.44732856012324695,1
0.4473825024589033,1
0.4474304487590564,1
0.4474923759945744,1
0.44753432452373526,1
0.4475862583600395,1
0.44764817594775014,1
0.4476981066938157,1
0.44775202909948714,1
0.4477959637247718,1
0.44784389020555937,1
0.44790179830542104,1
0.4479517163898549,1
0.44800163198259796,1
0.44805354155613253,1
0.44811143751710697,1
0.44816733388525487,1
0.44821923485821014,1
0.4482651450120473,1
0.44831304901243957,1
0.4483669382700284,1
0.4484188288846245,1
0.4484767037014119,1
0.44852459756861124,1
0.44857248914209824,1
0.44863434569676763,1
0.4486882176431641,1
0.4487321111575054,1
0.4487839828270067,1
0.44883784671298,1
0.44888771809469685,1
0.4489435710896286,1
0.44899144260249746,1
0.44904130632495426,1
0.4490991451282257,1
0.44914700919428724,1
0.44919885934735654,1
0.4492487127285727,1
0.4492965696364274,1
0.4493563875507142,1
0.44940822684890147,1
0.4494560761236949,1
0.44950990382124817,1
0.4495637286215364,1
0.44961755052487107,1
0.4496653897849665,1
0.44971721306758444,1
0.449767040614455,1
0.4498268303936094,1
0.4498746596431974,1
0.44992248660525785,1
0.4499802744660371,1
0.4500241113053284,1
0.4500818932939016,1
0.45013170267341646,1
0.4501854940168085,1
0.4502352982364315,1
0.4502870919937017,1
0.45033888306851755,1
0.45039664687233977,1
0.4504444488764479,1
0.4504942402010169,1
0.4505500035414148,1
0.4505997896106854,1
0.45065355578162114,1
0.45070731906191097,1
0.450751124042146,1
0.4508128459848139,1
0.45085465545904596,1
0.4509123894784348,1
0.45096215750965174,1
0.4510099324895056,1
0.45106765754508193,1
0.45111940821038815,1
0.451169165940013,1
0.45121892119392926,1
0.45127663418722974,1
0.4513263840944564,1
0.451380111214427,1
0.4514278662312001,1
0.4514795982593061,1
0.4515372962105474,1
0.45158305428760215,1
0.4516347782883458,1
0.4516884888421841,1
0.4517402073898591,1
0.4517939122814926,1
0.45184761428906567,1
0.45189335816908927,1
0.45194506612257956,1
0.45200074862098827,1
0.45205046251752395,1
0.4521061391476704,1
0.45215187120356304,1
0.45220555399197937,1
0.4522592338987083,1
0.4523069469524126,1
0.4523626093045986,1
0.45241429300039193,1
0.45246398634278623,1
0.4525176523790556,1
0.45256734058556997,1
0.4526229884459241,1
0.4526667095924585,1
0.452720364750769,1
0.452774017030358,1
0.4528316403467547,1
0.45287932609766535,1
0.4529309830952132,1
0.4529806507688193,1
0.45303031597567034,1
0.45308593807911385,1
0.45313559805725373,1
0.45319320054251905,1
0.4532408690556876,1
0.45329250738086957,1
0.4533461289733047,1
0.4533997476906187,1
0.4534474063592433,1
0.4535010196466142,1
0.45355463005975494,1
0.4536022813476393,1
0.45365390101394953,1
0.45370750323190295,1
0.4537591174671205,1
0.45381072903844627,1
0.4538583681247375,1
0.4539139441905223,1
0.4539496700304306,1
0.45399928713524307,1
0.454050886312843,1
0.4541004983959752,1
0.45414812368024754,1
0.4541917781983979,1
0.4542552722775964,1
0.4543128103047921,1
0.45435248977404463,1
0.4544001030589537,1
0.4544457303297862,1
0.45450127376278154,1
0.4545667317055807,1
0.4546143347910629,1
0.45465995228835615,1
0.4547194502446189,1
0.45477299537871774,1
0.4548225716503344,1
0.45486817964958876,1
0.4549078370886356,1
0.4549732684249154,1
0.4550367129050687,1
0.4550803286503597,1
0.45512394249340027,1
0.4551715190619494,1
0.4552270221978907,1
0.4552864864252201,1
0.4553320732716391,1
0.45537567613675056,1
0.45543314973607046,1
0.45549458337933263,1
0.45554214231774687,1
0.45558771751137495,1
0.45562734642622166,1
0.45568678685405173,1
0.4557501860829798,1
0.4557878274734572,1
0.45584131543323125,1
0.45590074314439044,1
0.45596016732410666,1
0.4560057234705793,1
0.4560552386672986,1
0.4560968295379104,1
0.4561602027766012,1
0.4562196115405995,1
0.4562552551049598,1
0.45630871806949386,1
0.45636415812494807,1
0.45641761526767666,1
0.45647304928636007,1
0.4565146227838553,1
0.4565601536790502,1
0.4566234975631204,1
0.45668683743499705,1
0.4567521524761835,1
0.4568016307280281,1
0.4568550644904604,1
0.45690453765078626,1
0.4569599446847235,1
0.4570074339847994,1
0.45704107087457746,1
0.457086577806973,1
0.4571439531615041,1
0.4571993469320931,1
0.45724484666256443,1
0.4572923224350932,1
0.45734770798778596,1
0.457405068362266,1
0.45744858093443946,1
0.4574960470357411,1
0.4575494437067679,1
0.4576087699974288,1
0.4576799569006507,1
0.45772938926877765,1
0.4577867277546816,1
0.4578341778085661,1
0.4578836025539647,1
0.45794093219844756,1
0.4579844214605603,1
0.4580160488269323,1
0.4580674411639509,1
0.45813068964551423,1
0.4581682415387764,1
0.45821567349369335,1
0.45825322219584663,1
0.45832041109152355,1
0.45838364357565253,1
0.4584192100909676,1
0.45847058171329474,1
0.45852787771730935,1
0.4585891215398517,1
0.45865628787137047,1
0.45870172136119386,1
0.45876492973948546,1
0.45881628360515897,1
0.4588656598352543,1
0.45891700852844136,1
0.45896440498201063,1
0.45901969800542736,1
0.45906906419295596,1
0.4591204024429253,1
0.45917173805741385,1
0.45921912243953056,1
0.4592763755724277,1
0.4593277031807698,1
0.4593790281547238,1
0.45943232437810677,1
0.45948364398279923,1
0.45953298727296055,1
0.45958430171206555,1
0.459635613518134,1
0.4596908694418791,1
0.4597421757801965,1
0.4597875599622382,1
0.45984280749091194,1
0.4598901600862375,1
0.45994145620096266,1
0.4599927496845314,1
0.4600479858784561,1
0.4600953287592792,1
0.4601446418768743,1
0.46020184204691256,1
0.4602491776444742,1
0.46031031614192586,1
0.4603537024854894,1
0.46040103089536233,1
0.46045821640220413,1
0.4605094833868688,1
0.4605607477433645,1
0.46060806635536056,1
0.4606593256584425,1
0.46071649639689705,1
0.4607618363827311,1
0.4608170301127374,1
0.4608682787058762,1
0.46091558276851563,1
0.46097076801357173,1
0.4610200379804822,1
0.4610732468182856,1
0.4611225117364517,1
0.46117571512217015,1
0.4612269453369739,1
0.461280143166909,1
0.4613274277511583,1
0.46137865019448004,1
0.4614298700141975,1
0.4614830570503624,1
0.46153427152279564,1
0.4615874530065912,1
0.46163275352135075,1
0.4616622962297692,1
0.4617174402837772,1
0.4617725812970859,1
0.46181196587369705,1
0.4618592253182105,1
0.4619045135234958,1
0.46196751978870215,1
0.4620305220843692,1
0.4620738338602572,1
0.4621191123475697,1
0.4621781681632067,1
0.46223328377806494,1
0.46228052331599234,1
0.46232776062245107,1
0.46236712334005836,1
0.4624301004656062,1
0.46249504147262793,1
0.46253833313446374,1
0.46258359059531157,1
0.4626288460080142,1
0.4626918066536964,1
0.46275082865908457,1
0.4627901747274338,1
0.4628373879660347,1
0.46290033548356263,1
0.46295737824893274,1
0.4630183514001129,1
0.4630714540189696,1
0.4631245538180879,1
0.4631776507977671,1
0.4632268121541978,1
0.4632779374012324,1
0.46333102623754735,1
0.46338018005459686,1
0.46343522946145355,1
0.46348241225547,1
0.4635315586320651,1
0.4635807025934124,1
0.46363180975137414,1
0.4636888108078747,1
0.4637399124411725,1
0.4637870808619236,1
0.46384407306874603,1
0.46388927147501874,1
0.46394429286459765,1
0.46399145164625943,1
0.46404253781685123,1
0.46409558607801027,1
0.46415256070565236,1
0.46419970966691054,1
0.4642468564052489,1
0.4642979295301888,1
0.46435292844004583,1
0.4644039961479811,1
0.46445113325608883,1
0.4645002320477774,1
0.46455718362618625,1
0.4646062772113337,1
0.46465733198329684,1
0.4647103476415821,1
0.46474765327188966,1
0.4647888841915512,1
0.4648360031610679,1
0.46488900934808036,1
0.4649361236001502,1
0.46498127267553435,1
0.4650440853896335,1
0.4651068941585434,1
0.4651461476359157,1
0.4651932497749505,1
0.465240349695478,1
0.46529529679909265,1
0.4653541653456452,1
0.46539537126635333,1
0.465444423720114,1
0.46550916927501085,1
0.46556802523291835,1
0.46562883941715905,1
0.4656837651791205,1
0.4657328034888388,1
0.46578772354094816,1
0.4658347954707882,1
0.4658818651849662,1
0.4659367770514342,1
0.4659858029557515,1
0.466038748232898,1
0.4660877691383631,1
0.46613678764089694,1
0.46619560667239973,1
0.46624265940676046,1
0.4662955910866773,1
0.4663445994033985,1
0.4663936053184222,1
0.46645044917131384,1
0.4665033698540031,1
0.4665484482266813,1
0.4665954843622012,1
0.46663663916600145,1
0.4666856307717895,1
0.4667483365250629,1
0.4668032008338844,1
0.4668521842804282,1
0.46688157319669454,1
0.4669344710695265,1
0.46699520221374935,1
0.46703634057086546,1
0.4670853125990322,1
0.46712644724939845,1
0.46719108399580306,1
0.46724592401963294,1
0.467285093624025,1
0.46733405347206347,1
0.4673790944152674,1
0.4674417567008166,1
0.4675004990276171,1
0.46754944833083345,1
0.46759252173575366,1
0.46765908607608647,1
0.46770998522921386,1
0.4677706692952606,1
0.46782547754469883,1
0.46785679519572093,1
0.4679292135074079,1
0.4679800989134843,1
0.46803098173036806,1
0.46807599129490807,1
0.46812882602494965,1
0.46818165796362987,1
0.4682286173437747,1
0.46828340050031547,1
0.46832252948903197,1
0.46837143857194746,1
0.4684223014807691,1
0.46848881061210607,1
0.46853771156323926,1
0.4685924777897035,1
0.4686413736717998,1
0.46869222285313894,1
0.4687430694489703,1
0.4687900024735973,1
0.4688467102729881,1
0.46889559372604667,1
0.46894447478963025,1
0.4689933534639721,1
0.4690402747437586,1
0.46909892324765207,1
0.46914974916888286,1
0.46919861781096006,1
0.4692494386655041,1
0.469308074903889,1
0.46935498141921245,1
0.4694077486191333,1
0.46945269626002495,1
0.46950155010009303,1
0.4695640795329127,1
0.46960706625002374,1
0.4696559125492914,1
0.4697086638727268,1
0.46975750520969967,1
0.46981220467522156,1
0.46986299435711315,1
0.469917688052897,1
0.4699626127795719,1
0.4700173010272763,1
0.47007003329093816,1
0.470118856981765,1
0.4701676782889554,1
0.47021649721274206,1
0.470275076775521,1
0.4703297479382537,1
0.47039027323931226,1
0.4704234629782194,1
0.4704722694167746,1
0.4705347381824119,1
0.47058353919045537,1
0.4706401453763555,1
0.4706733268232453,1
0.4707221210686568,1
0.47077871941073074,1
0.47083336304641965,1
0.4708801980720021,1
0.47092703090416754,1
0.47098166643639966,1
0.4710284945168665,1
0.4710831245060127,1
0.4711279969074448,1
0.4711826214611954,1
0.47123139086289223,1
0.4712840591453819,1
0.4713367246540697,1
0.47138353611118256,1
0.4714400970316973,1
0.4714888538783871,1
0.4715434587245808,1
0.47158636044065594,1
0.47163511015669857,1
0.47169750632559404,1
0.4717423511673237,1
0.471793042914718,1
0.4718437320925894,1
0.471896368134839,1
0.4719451027408049,1
0.471999682679962,1
0.47204646311405385,1
0.47210103752139926,1
0.47214976215414695,1
0.47219848441292045,1
0.4722549992592881,1
0.4722998191078631,1
0.47235243114960235,1
0.4724069888619331,1
0.47245180189902736,1
0.472502457696789,1
0.47255505907865886,1
0.4726037615949328,1
0.47265830559734623,1
0.4727108987822555,1
0.47275959370951987,1
0.4728102339186358,1
0.4728550288891417,1
0.4729076117290363,1
0.47296408651452004,1
0.4730069273278011,1
0.4730575550137567,1
0.47311012720561063,1
0.47316269663377425,1
0.4732152632985387,1
0.4732639336725995,1
0.47331649501607964,1
0.47336321389109753,1
0.4734177164867973,1
0.4734644306332117,1
0.47351698143963544,1
0.47357342182254974,1
0.4736201286960585,1
0.4736726713212753,1
0.47371548178960887,1
0.47377191097051535,1
0.4738224999429084,1
0.4738750319363638,1
0.47392756117035373,1
0.4739761968897976,1
0.47402677552889283,1
0.4740870774860986,1
0.4741532109356434,1
0.47418238606715235,1
0.4742290645071673,1
0.4742815751478773,1
0.4743340830313647,1
0.4743904773168883,1
0.4744371460447655,1
0.4744799237987844,1
0.47453242126871015,1
0.47458297178326686,1
0.47463157563756203,1
0.4746860091499562,1
0.47472877625972243,1
0.47478514829182283,1
0.47483957344558736,1
0.47488233398849733,1
0.47493675385331613,1
0.4749872839333005,1
0.47503781146012486,1
0.47508833643404724,1
0.4751388588553256,1
0.47519132174512974,1
0.4752457247979314,1
0.47529235363048994,1
0.4753389802889018,1
0.4753953179340225,1
0.4754380547201062,1
0.4754924443519018,1
0.47554294636130984,1
0.47559150358066105,1
0.4756458848672968,1
0.475694437088619,1
0.4757468708400427,1
0.47579541815863813,1
0.4758459048699639,1
0.4758944473810775,1
0.47595657835707816,1
0.47599929116393724,1
0.4760517089335731,1
0.4760983002000488,1
0.47614100695412837,1
0.47620506366569226,1
0.4762535887458894,1
0.47629822974011,1
0.4763506318428048,1
0.47640691252428174,1
0.4764534872446963,1
0.47650394074404534,1
0.47655633206844206,1
0.47660484010671866,1
0.47665916631621763,1
0.47670766936658393,1
0.4767619899901982,1
0.47681048805368,1
0.47685510419483734,1
0.47691329617018036,1
0.4769579077247743,1
0.47701221475735445,1
0.4770568218993531,1
0.47711306285112004,1
0.4771596046951551,1
0.477211961680607,1
0.47726043792677114,1
0.4773089118231027,1
0.47736319979755404,1
0.4774155461247442,1
0.47747370549694956,1
0.4775124765326644,1
0.4775686918645387,1
0.47761327419114263,1
0.4776656074298359,1
0.47771793792990447,1
0.477764451631105,1
0.47781677695899816,1
0.4778690995490944,1
0.477925294837425,1
0.4779659860059939,1
0.4780221758501787,1
0.47806867540262876,1
0.4781190474779108,1
0.47817329149074134,1
0.4782178468716341,1
0.47827208552559913,1
0.47831857345908313,1
0.4783747434954826,1
0.4784270369002309,1
0.4784735176310713,1
0.4785219327617775,1
0.4785761549254874,1
0.4786265014451012,1
0.47867684543007066,1
0.47872718688065086,1
0.4787736536627183,1
0.4788239902401901,1
0.4788781960286074,1
0.47892659157119377,1
0.4789769204510771,1
0.4790253112161929,1
0.47907757061249256,1
0.47913176265750074,1
0.47917627535475504,1
0.4792265916702179,1
0.47928077564029065,1
0.4793330216882277,1
0.4793794603282804,1
0.4794317012207216,1
0.47948200468606056,1
0.4795342402219074,1
0.47958260402605885,1
0.47963289990122737,1
0.47968319324684805,1
0.47973348406317534,1
0.47978183823232956,1
0.47983599212610445,1
0.4798843413389403,1
0.47993075438410854,1
0.4799868339397412,1
0.48003710948843203,1
0.48008931603688526,1
0.4801376530035566,1
0.48018212094942514,1
0.48024398610660185,1
0.48028844932441206,1
0.4803387097118916,1
0.48038896757339156,1
0.48044115575625923,1
0.48049334121566256,1
0.48055132186560323,1
0.4805919063204099,1
0.4806382865377094,1
0.480694326430398,1
0.48074070189778423,1
0.48079673605158163,1
0.480845038836633,1
0.4808894753383285,1
0.4809435692840699,1
0.4809899331944104,1
0.48104209002421416,1
0.4810923125486406,1
0.4811444640390745,1
0.481192750031221,1
0.48124489628409,1
0.48129317742712646,1
0.48133952513147493,1
0.4813935947383829,1
0.48144379961290057,1
0.48149593277645875,1
0.4815442018009802,1
0.4815886072458673,1
0.4816465244281739,1
0.4816947861845058,1
0.4817449759404011,1
0.48179709340545807,1
0.4818472780269704,1
0.4818955300957872,1
0.4819476397151383,1
0.48199974661921835,1
0.48204799133184834,1
0.4820962337170385,1
0.4821502624255917,1
0.48220235877297435,1
0.482246735002372,1
0.4823007555803667,1
0.48234705661037985,1
0.4823972136404769,1
0.48244736815497247,1
0.48249752015411884,1
0.48255731348139425,1
0.482599745286739,1
0.4826537467987943,1
0.48270195997044923,1
0.4827463140354585,1
0.4828060924888149,1
0.4828504419354662,1
0.48290057372423684,1
0.4829487749973383,1
0.4830046855635824,1
0.4830528818187426,1
0.4831010757511358,1
0.48314926736098585,1
0.4831974566485165,1
0.4832533533129459,1
0.48330153758503064,1
0.48335164676523573,1
0.48339982630146877,1
0.4834576386810424,1
0.48350581311102775,1
0.48355591205645543,1
0.48360408175252356,1
0.48365224912838384,1
0.48367729524695924,1
0.48373123860259587,1
0.48378903182616384,1
0.48383141140075636,1
0.48387956782825225,1
0.4839200174352706,1
0.48398357779789414,1
0.4840452082310215,1
0.48408179950362185,1
0.48413186960176974,1
0.4841838628195551,1
0.484245480910646,1
0.48430709520518195,1
0.4843533034348758,1
0.48440721033766776,1
0.48445726414552165,1
0.48451501542617237,1
0.48455543933826944,1
0.48460741053853656,1
0.4846632284489788,1
0.48470942022569596,1
0.4847613834242158,1
0.48480564624143574,1
0.4848576044401145,1
0.4849095599392791,1
0.48495958860956584,1
0.4850076907400186,1
0.48505771450131563,1
0.48510388806003535,1
0.4851577545174054,1
0.4852096944248678,1
0.48525393740346634,1
0.48530779577903366,1
0.48535780453057564,1
0.48540973404876797,1
0.4854635840342606,1
0.4855078157817008,1
0.48555973751066767,1
0.48560781078203413,1
0.485661650102441,1
0.4857077957843672,1
0.48575970713133404,1
0.48580777079069876,1
0.48585967694822246,1
0.4859135027103988,1
0.4859615589785312,1
0.4860096129373697,1
0.48604805444189797,1
0.4860922603453154,1
0.4861403080239971,1
0.48620949262583857,1
0.4862632995627186,1
0.48631326055472374,1
0.48636129761628666,1
0.486411253712574,1
0.48646120731337444,1
0.48650923726870615,1
0.4865572649172722,1
0.48661297409998494,1
0.48666099676669283,1
0.48670709635718284,1
0.4867570351821327,1
0.48681465380448735,1
0.486868428190224,1
0.48691451821942255,1
0.4869606061244282,1
0.4870066919054368,1
0.4870604559657114,1
0.4871142171355676,1
0.48716029583799936,1
0.4872102120363921,1
0.4872620454514867,1
0.48730811734284185,1
0.48735994568355,1
0.4874117713382204,1
0.48745783633209616,1
0.48751349536869093,1
0.4875595556769961,1
0.4876113709880482,1
0.48765934573415104,1
0.48770923702870617,1
0.48776104458475394,1
0.4878070934925396,1
0.48785889597926235,1
0.487908777319239,1
0.4879624929029101,1
0.4880085325353685,1
0.48806799725698075,1
0.48811403203242554,1
0.4881600646887673,1
0.4882176025295031,1
0.4882617126321621,1
0.4883115738836515,1
0.48835759744772433,1
0.48841128892881686,1
0.48845922531532365,1
0.4885167459460724,1
0.48855700841905647,1
0.488606854949269,1
0.4886586160239939,1
0.4887084574898033,1
0.4887602133058746,1
0.48881388317485647,1
0.4888579669839346,1
0.4889154646840424,1
0.48896337690885583,1
0.4890074541283186,1
0.4890591944722885,1
0.48910518364184713,1
0.48915691892963625,1
0.4892124834798507,1
0.4892584656004776,1
0.48930827717861447,1
0.489363833319546,1
0.48940597729871005,1
0.4894596125217401,1
0.48950749868293597,1
0.4895592131615651,1
0.4896070945536203,1
0.4896626340963526,1
0.489706680505955,1
0.48975838468529187,1
0.4898120010107099,1
0.4898541261069337,1
0.48990773729943166,1
0.489961345617924,1
0.49000920775964907,1
0.4900589819570983,1
0.49010683942607897,1
0.49015469460483196,1
0.49020446156149716,1
0.4902561400105428,1
0.4903039880451938,1
0.4903594888973375,1
0.49040541830766937,1
0.49045517278845335,1
0.49050683828309016,1
0.49055658771815736,1
0.4906139878371827,1
0.49065799236391644,1
0.4907039080665207,1
0.4907536476986873,1
0.49080721068973404,1
0.4908512067147959,1
0.4909028517527235,1
0.49095640675276486,1
0.4910080463580586,1
0.49106350814920174,1
0.49109984351700103,1
0.49115147571599915,1
0.49120501740299577,1
0.4912547321170317,1
0.4913044443596377,1
0.4913541541310595,1
0.4914019496579808,1
0.49145547793621813,1
0.49150326862067595,1
0.49155296850981717,1
0.49160266592900226,1
0.4916485382777319,1
0.4917001421549146,1
0.49175747667317704,1
0.49179951989743975,1
0.49185111598417475,1
0.4918988877650107,1
0.4919523894503267,1
0.49199824575958956,1
0.49204983159413096,1
0.49209568343537685,1
0.4921472642438889,1
0.49220266288969267,1
0.49224468740145044,1
0.4922981705895959,1
0.4923459210191202,1
0.4923974889221228,1
0.492447144389582,1
0.49249488770624283,1
0.49254453833767536,1
0.4926018244647097,1
0.4926457416064365,1
0.4926972940510361,1
0.4927450254265012,1
0.49279275452379073,1
0.4928462084083735,1
0.4928939326766503,1
0.49294165466743006,1
0.4929951005935269,1
0.49304090911391973,1
0.49309244119121776,1
0.4931496959405149,1
0.49319358902841026,1
0.4932432049818578,1
0.4932947266357524,1
0.4933443375715392,1
0.49339776198078306,1
0.4934416441818831,1
0.4934912478296691,1
0.4935446643911053,1
0.49359044774428595,1
0.49363813650834526,1
0.49369345262566394,1
0.49373350721435166,1
0.4937907252723864,1
0.49384031160792813,1
0.49388798845806126,1
0.49393947690320733,1
0.4939871490257985,1
0.49403672562260414,1
0.4940882064102715,1
0.49413396488560724,1
0.49418353420449673,1
0.4942350074350919,1
0.4942826654715327,1
0.4943398521173228,1
0.49438559907944657,1
0.49443324993969656,1
0.49449042797496046,1
0.49453616804937217,1
0.4945857174358275,1
0.494633358761447,1
0.49468290333251536,1
0.49474006709527846,1
0.49478960637994135,1
0.4948353327722705,1
0.494881057073792,1
0.49493439944994083,1
0.4949934537618275,1
0.4950620285865125,1
0.4951020283960425,1
0.4951401219652812,1
0.4951839277760338,1
0.495241062906346,1
0.49530390777951044,1
0.49534389791528227,1
0.49537626971107235,1
0.49543148976777274,1
0.4954848027913954,1
0.49554192073425113,1
0.4955876127396812,1
0.4956256878161216,1
0.4956789904877401,1
0.49573229031833554,1
0.4957722633270426,1
0.49582555818657553,1
0.4958731404825445,1
0.49592072051454633,1
0.4959835226905673,1
0.4960196797301088,1
0.4960710585375039,1
0.49612433747559115,1
0.49617380823362645,1
0.4962213739623376,1
0.4962746448925938,1
0.4963203034314144,1
0.4963678621926508,1
0.49642302752220635,1
0.49646487505263753,1
0.49651623099210584,1
0.49656948621778746,1
0.49661893495942216,1
0.49667028298781174,1
0.496714021821342,1
0.4967653649675663,1
0.4968167054778071,1
0.4968642406371968,1
0.49691177353710236,1
0.49696690887059475,1
0.49700873364759873,1
0.49706196265209573,1
0.4971151888234169,1
0.49716080900122933,1
0.4972102285120623,1
0.49726154618844726,1
0.49731096072127146,1
0.49736037281242024,1
0.4974078821361339,1
0.49745918967065655,1
0.49750859443822665,1
0.4975636968765236,1
0.49762259612557513,1
0.4976681931617757,1
0.49770808886301915,1
0.49775558167024236,1
0.497803072222006,1
0.4978581584366948,1
0.49790184534591936,1
0.49795122824956817,1
0.49800440711098326,1
0.4980594822363169,1
0.49810126134259186,1
0.4981468365587972,1
0.4982019038405856,1
0.4982493732014955,1
0.4982968403091722,1
0.498348102254878,1
0.49840315845493205,1
0.49846580492667486,1
0.49852654927272355,1
0.49857020699241195,1
0.4985948822517644,1
0.49865182283428194,1
0.4986973729660055,1
0.49874861438426543,1
0.4987941601074349,1
0.4988416013633088,1
0.4988947328980257,1
0.4989478616099326,1
0.4989933982593538,1
0.4990408300642851,1
0.49909584813963387,1
0.49913948101264743,1
0.4991925967233385,1
0.49924191592862643,1
0.4992855424288872,1
0.4993443403527683,1
0.499387962384936,1
0.49943916842953634,1
0.499484682712495,1
0.4995396763740154,1
0.49959277083286263,1
0.4996515506956571,1
0.007599177969008404,2
0.0077666364458995555,2
0.007937167184478526,2
0.008095269706543043,2
0.008250247916916758,2
0.008423795002846011,2
0.008569427349596828,2
0.008739821254244778,2
0.008891602280978565,2
0.009052650831270131,2
0.009213673449102695,2
0.009380861805751994,2
0.009535640920786445,2
0.009690396082953584,2
0.009857504762781648,2
0.010024585521964556,2
0.010182358388143095,2
0.010340106365970988,2
0.010497829463299168,2
0.010667895124514798,2
0.010822475177194186,2
0.01098321308819478,2
0.011150105884685567,2
0.011313880994016107,2
0.011480718618141053,2
0.011628995364602964,2
0.011814310385224543,2
0.011950186244308105,2
0.012110743006099475,2
0.012274360875388222,2
0.012437951978249004,2
0.012598430451332193,2
0.012749626987059592,2
0.01291622526654623,2
0.013073542605246576,2
0.013240086934180143,2
0.013403520142013296,2
0.013563843749391057,2
0.01372105924746395,2
0.013875168097931857,2
0.014053904616127284,2
0.014195638452544995,2
0.014371237298972836,2
0.014525245991527913,2
0.014685389874989616,2
0.014842429161307024,2
0.015002522261944267,2
0.01517182361722116,2
0.015328786538900564,2
0.01548264784247074,2
0.015645714981880828,2
0.015811831516087366,2
0.015974844989665865,2
0.01611938187988339,2
0.0162915687768858,2
0.016439133951772458,2
0.016611265805196906,2
0.01676492992646353,2
0.016924715568219995,2
0.017084475682604003,2
0.017250353406527672,2
0.017422345691868978,2
0.017554391121830347,2
0.017723261029460816,2
0.017892102424860157,2
0.018054777166282093,2
0.018208219648668825,2
0.018358570441899043,2
0.018542642672361817,2
0.01868680892390555,2
0.018861620963073044,2
0.019002675066754873,2
0.019177431902261288,2
0.01932763705519349,2
0.0194747549244566,2
0.019646365087876802,2
0.01979037231912705,2
0.01995580183887035,2
0.020118141241909714,2
0.020274329752571617,2
0.020439679237456067,2
0.020589694928153983,2
0.020764174665223973,2
0.02090802102531744,2
0.021079385422947263,2
0.02123542388215458,2
0.02140061454008086,2
0.02155966123897376,2
0.021703393224939745,2
0.021880736139332092,2
0.022036649616839436,2
0.022192538789123775,2
0.02234229177338463,2
0.022501188784010653,2
0.022675335351701048,2
0.022818907080535997,2
0.02298994436097156,2
0.023133470931192484,2
0.02331056043513298,2
0.023457093553406326,2
0.02362496969173366,2
0.02378061147789998,2
0.023924024619366522,2
0.02410402477239515,2
0.02426264211753421,2
0.02442123430720135,2
0.024570653934204705,2
0.02474139188844709,2
0.024906004454854403,2
0.02504011318065666,2
0.025216865389757592,2
0.02538139971229312,2
0.02553981458899994,2
0.02568297567745147,2
0.025850478590109586,2
0.026008819181050875,2
0.0261610461090704,2
0.02632238135645348,2
0.026486733899113827,2
0.026641930946421092,2
0.026791019150625546,2
0.02695833658108115,2
0.02711346045997581,2
0.027268560279184846,2
0.027435797834439883,2
0.02759388762368893,2
0.027745873471059498,2
0.02790087524173315,2
0.028074084087972254,2
0.028229034997707576,2
0.028380924349644565,2
0.028551013039156834,2
0.028702853497642407,2
0.028854670904103118,2
0.029015572194544818,2
0.02916734213588856,2
0.02932819312903496,2
0.029482949850261495,2
0.029652851216859042,2
0.029807557707105036,2
0.02995920750554965,2
0.030122963461022247,2
0.03028062904052736,2
0.030432207120201914,2
0.03058376222744452,2
0.030756507036816736,2
0.030911042891715094,2
0.03105949602548516,2
0.031229129768466493,2
0.031389649489264725,2
0.03155014344761729,2
0.03169244673248973,2
0.03185894614331503,2
0.03201633827706011,2
0.03217370564241972,2
0.03232802266132112,2
0.032488366099155626,2
0.03265775765115706,2
0.03279687924970704,2
0.03295714753310824,2
0.033114366927048826,2
0.03327156160693727,2
0.033431753837956595,2
0.033585876855627896,2
0.03375206133589064,2
0.03389405164755624,2
0.03406622561618367,2
0.03421723101038336,2
0.03437123302479247,2
0.034528230271624834,2
0.03469123978993026,2
0.034857240692752874,2
0.03499605665318982,2
0.03515597289362842,2
0.03532491321586136,2
0.03548176082063745,2
0.03562953701536776,2
0.03578030654332266,2
0.03596119997647987,2
0.036099862784925246,2
0.036262616334216104,2
0.036416303701266355,2
0.03657599300046418,2
0.036735656803061414,2
0.0368712004008671,2
0.03704888528772911,2
0.03719643009720475,2
0.03735298445650973,2
0.037512524259771265,2
0.03764495306443379,2
0.03782550953998044,2
0.03798196545282855,2
0.038150429065086845,2
0.03829179626662765,2
0.038457200597891546,2
0.03861055108072006,2
0.03877890884135827,2
0.03892319293699227,2
0.039064450944978305,2
0.03925076077876992,2
0.03939197252601921,2
0.039554191197143186,2
0.03970437021080948,2
0.03985752957342533,2
0.04002267514962569,2
0.040160775963439206,2
0.04033487589724052,2
0.040481936707150536,2
0.04064697920596845,2
0.04080299433975292,2
0.04096498429672968,2
0.04111495160413787,2
0.0412618977486404,2
0.041429809763139556,2
0.04157670965113022,2
0.04173857433261025,2
0.04189441926721612,2
0.042056232535058344,2
0.04220304043718241,2
0.04234084048952494,2
0.042520551155836625,2
0.04267028537787284,2
0.04282897917851813,2
0.04298166076137427,2
0.04313431903612334,2
0.043292939220425354,2
0.04343956568975807,2
0.04361010412788984,2
0.04376266650301352,2
0.043921187057928086,2
0.04406772144517562,2
0.04422619365381766,2
0.04438464075299766,2
0.04453110724904857,2
0.04470743640523238,2
0.04485086770039402,2
0.045015190771872285,2
0.04516455195437366,2
0.04533180999808345,2
0.04547813784139746,2
0.045633401117465965,2
0.04579461054677531,2
0.045940870690102324,2
0.046099046357941056,2
0.046254213267118524,2
0.04641532265477403,2
0.04656447487383902,2
0.046707640077780666,2
0.04689253146952562,2
0.04702372397981424,2
0.047187690417742366,2
0.04733374696573193,2
0.047482762272860066,2
0.04765261264105397,2
0.04781051780592367,2
0.04796541939903888,2
0.048120297001366705,2
0.048278128339553125,2
0.048432957521590256,2
0.04859073952375436,2
0.0487365913058603,2
0.04888837363243902,2
0.04905203464027188,2
0.04920376909930978,2
0.049355480538494485,2
0.04950419490308909,2
0.04966775516425793,2
0.04983128867784251,2
0.04996804162790605,2
0.050128553840554875,2
0.050289040293167823,2
0.05044950099401226,2
0.050598052763091435,2
0.05072578963718736,2
0.0509129095504106,2
0.05105842305743891,2
0.05122766723413607,2
0.051376103458784676,2
0.0515274857126212,2
0.0516818126545534,2
0.051830181487875104,2
0.051996328451179866,2
0.05213278566612176,2
0.052295916593882996,2
0.05245605561862254,2
0.052604309631389005,2
0.05275847049262349,2
0.052894823754493586,2
0.05308153827594296,2
0.053214884450216576,2
0.053363026014566,2
0.053520032115908785,2
0.05368589857601739,2
0.05383989280153833,2
0.05396425544316104,2
0.054115246432838736,2
0.054301733243877395,2
0.05445267328988988,2
0.0546154262416261,2
0.054751526553683316,2
0.05492310489736745,2
0.05507099363797993,2
0.05523660306626662,2
0.05537557552776649,2
0.05554113452627602,2
0.055694843342961715,2
0.0558514837899141,2
0.055993325666010806,2
0.056126284155089134,2
0.0563153502283364,2
0.056445312421335866,2
0.056619553402960265,2
0.056761286384166804,2
0.056920711979988645,2
0.05707716053898845,2
0.05722177988783383,2
0.05738703353780707,2
0.05753160808320248,2
0.05769681054509471,2
0.05784723904538518,2
0.058003542729014396,2
0.05815392509858674,2
0.05830133684344227,2
0.05846346466832197,2
0.05860788368413632,2
0.05877290845296049,2
0.05892022898735213,2
0.05907341932369834,2
0.05922364090080662,2
0.05935911551866627,2
0.059538738340670284,2
0.05967122630286065,2
0.05982430164566569,2
0.05999501188898919,2
0.06015098025421243,2
0.060298097925075504,2
0.06043931052971176,2
0.06061285704134782,2
0.06075108440793954,2
0.06091575590338183,2
0.061065700997297565,2
0.06122444188840252,2
0.061374340706980814,2
0.061518339978416985,2
0.0616858232488458,2
0.06182390239191686,2
0.06198839733406835,2
0.06213524495642877,2
0.062293816171387226,2
0.062440618953857066,2
0.06258740018843342,2
0.0627547045198044,2
0.06290437414639392,2
0.06305402137533873,2
0.06320071260816006,2
0.06334738232581985,2
0.06350869417276495,2
0.06364358955573525,2
0.06382537628521824,2
0.06396902306682456,2
0.06412437289002348,2
0.06427090720715743,2
0.06443500015445919,2
0.06458734807051703,2
0.06473381456656803,2
0.06489197429064544,2
0.06504132439832332,2
0.06519357997717407,2
0.06533995771396708,2
0.06549509472513923,2
0.06564435479059341,2
0.0657818884609547,2
0.06595451033901191,2
0.0660978516246191,2
0.06625579577706527,2
0.0663990938856292,2
0.06656283801240556,2
0.06671193880335446,2
0.06684347986554821,2
0.06696623591436045,2
0.06713573140267948,2
0.06729059009443317,2
0.06746003061975342,2
0.06760315627994597,2
0.06777838429584945,2
0.0679214644019728,2
0.06807912081059425,2
0.06821632004891603,2
0.06838268536125652,2
0.06852859706159105,2
0.06865406409820946,2
0.06879118448282817,2
0.0689487038449088,2
0.0690916166114911,2
0.06924325680459807,2
0.06939487400644324,2
0.06954063810208923,2
0.0696892955940449,2
0.06986415847285002,2
0.07000694047848041,2
0.07014970210032007,2
0.07031574610236192,2
0.07045846364856137,2
0.0706361039739648,2
0.07078168726824764,2
0.07096800296326379,2
0.07112226937584251,2
0.07127360197608344,2
0.07142200209216625,2
0.07157619848922196,2
0.07172164499570771,2
0.07188451997207283,2
0.07202701381817919,2
0.07216076507593128,2
0.07232938247183163,2
0.07248053252051655,2
0.0726171292566482,2
0.07277114149366067,2
0.07291060380855426,2
0.07308780910716597,2
0.07322432292214034,2
0.0733695299295049,2
0.07354375051062258,2
0.07370052308619454,2
0.07383695328856958,2
0.07397626705241436,2
0.07415328362714148,2
0.07429545457779393,2
0.07444630776891496,2
0.0745855366730604,2
0.07473924607269276,2
0.07489583135399634,2
0.07504659401037184,2
0.07520602978200926,2
0.0753538475143196,2
0.07550454113997468,2
0.07565810935571236,2
0.07580586028268362,2
0.07594779649562923,2
0.07609840065027162,2
0.07627214649528725,2
0.07640822632513687,2
0.07655876115831307,2
0.07671795603778411,2
0.0768771255782793,2
0.07701312311317189,2
0.0771577810408233,2
0.07731398810227869,2
0.0774643866587359,2
0.07760897932698288,2
0.07777089829845728,2
0.07789521114490455,2
0.07806575478931518,2
0.07821026053656029,2
0.07837786104668935,2
0.0785194326944586,2
0.07867253865130155,2
0.0788256211702989,2
0.07897290486929197,2
0.07911439230674314,2
0.07925297283813243,2
0.07942328510174884,2
0.0795704808073634,2
0.07971188372655924,2
0.07987346258316334,2
0.08002347671939194,2
0.0801734683547551,2
0.08031190220666747,2
0.08048491757663107,2
0.08062330832312392,2
0.08076744498799346,2
0.08092597132747663,2
0.08105853769731203,2
0.08122854275465147,2
0.08135530737596798,2
0.08152814233053936,2
0.08166638878963398,2
0.08181901372279683,2
0.08196009907246901,2
0.08206374093235755,2
0.08223933178884281,2
0.08236309042512305,2
0.08253575130232393,2
0.08266522739905946,2
0.08282057658983004,2
0.08296727311381692,2
0.08311107234732729,2
0.08329798044228576,2
0.08343023275689412,2
0.08358546315936739,2
0.08374641738835614,2
0.08390734571525005,2
0.08405962903147039,2
0.08418028990847674,2
0.08436125393016337,2
0.08448762208096249,2
0.08461684571987896,2
0.08477476304904982,2
0.08492691433939964,2
0.08507617235511926,2
0.0852139292144808,2
0.08536888300125864,2
0.08551807506910795,2
0.08566437644158968,2
0.08581065641311078,2
0.08597412047504062,2
0.08613182362928712,2
0.08627230185754295,2
0.08646435239895622,2
0.08659905241219998,2
0.08676811823795187,2
0.0869113719892964,2
0.08706319856353542,2
0.08719208982674799,2
0.08730664589347631,2
0.08750708743823446,2
0.08764737261819415,2
0.0878076744439745,2
0.08793646979263697,2
0.0880595254067754,2
0.08822262230243008,2
0.0883542249655714,2
0.08850869295238818,2
0.08864597780150475,2
0.08881755736336833,2
0.08897481277077655,2
0.08912918493377998,2
0.0892892494172421,2
0.08945214588832161,2
0.08959787287335956,2
0.08973786507402272,2
0.08989497583600473,2
0.09004063830775452,2
0.09019199055469615,2
0.09033475469715464,2
0.09047749846092186,2
0.09063734728994143,2
0.09076577872842163,2
0.09092843487511384,2
0.09107965282183371,2
0.09123370042284701,2
0.0913734638236036,2
0.09151891110991343,2
0.09168144481106373,2
0.09182399648628739,2
0.09197507907886694,2
0.09212898881396153,2
0.09227147670985594,2
0.09241394430584214,2
0.09257633261082247,2
0.0927187567844332,2
0.09285261701461633,2
0.09301208666446281,2
0.0931544487940991,2
0.0933110237318957,2
0.09345049712045697,2
0.0936041799592246,2
0.09375783918320645,2
0.09390294010684344,2
0.09404517547817538,2
0.09419307880655417,2
0.09434664757438135,2
0.09448597660580078,2
0.09462528622734556,2
0.09478731586206751,2
0.09492374151030082,2
0.0950771981207455,2
0.09522494889954729,2
0.09536131486054192,2
0.09551754466638213,2
0.09567942980496988,2
0.09582425219192428,2
0.0959662145664551,2
0.0961223499048833,2
0.09627278453351537,2
0.09641752102112697,2
0.09656223656311949,2
0.09668707236164902,2
0.09686295090378559,2
0.09700476590918541,2
0.09714656080594093,2
0.09728833559975439,2
0.09743009029632492,2
0.09758599725703604,2
0.0977107053269434,2
0.09783256409844607,2
0.0979969082240802,2
0.09814706113952446,2
0.0983056887841233,2
0.09843597124234114,2
0.09860304781335566,2
0.09874744744383024,2
0.09891730267096703,2
0.09905599637463672,2
0.09919184094601553,2
0.09935879128716583,2
0.09951722684949087,2
0.09965300878391321,2
0.09977463111279133,2
0.09991320596959516,2
0.10008003593207768,2
0.10019595222933207,2
0.10035425522158925,2
0.10048992355793833,2
0.10067078604642093,2
0.10080076075804582,2
0.10092506858959939,2
0.10107760708467903,2
0.10124989110519754,2
0.10142214544904488,2
0.10156049220552818,2
0.10171575658579192,2
0.10184841795654778,2
0.10200081568103678,2
0.10216447626064748,2
0.10231400475245178,2
0.10246069022521112,2
0.10260171366071939,2
0.10274835693992596,2
0.10286678389178275,2
0.10299929266363442,2
0.10316278992682895,2
0.10331498749083438,2
0.10346434406019432,2
0.10357423370574179,2
0.10374608817078869,2
0.10389819699085841,2
0.10404746648594278,2
0.10419952947410459,2
0.10434030792284603,2
0.10450358609854704,2
0.10463869270630997,2
0.10480755030065934,2
0.10493698848285275,2
0.10510579571945713,2
0.10523519530555893,2
0.10536457814957442,2
0.10551644100083825,2
0.10565703419186029,2
0.1058060413964937,2
0.10593535040866879,2
0.10607869520514678,2
0.10622763959717393,2
0.106368132841085,2
0.10652546184444939,2
0.10666029557780635,2
0.10681477021688876,2
0.1069411408114621,2
0.10709557207651889,2
0.10723875066959863,2
0.10739594276989652,2
0.10754188474138258,2
0.10768219347695389,2
0.10783089924602988,2
0.10797677775754212,2
0.10812543972994315,2
0.10826847095446433,2
0.10842269739002221,2
0.10859091728746832,2
0.10874229100423445,2
0.10889924695599004,2
0.10904216755263253,2
0.10920187816854428,2
0.10933635153741696,2
0.10948481154522463,2
0.10962484795492002,2
0.10976766489325158,2
0.1099216603044926,2
0.11004763891349144,2
0.11020998793625501,2
0.11035272133709259,2
0.11049543436801387,2
0.11063532933510098,2
0.11075562335621358,2
0.11090666977250502,2
0.11106328640607079,2
0.11121708244207153,2
0.11135687649769664,2
0.11149106040812903,2
0.11166714947051856,2
0.11180967505200566,2
0.11196335634803699,2
0.11209187166109268,2
0.11222595698984461,2
0.1123935383719453,2
0.11253037567121392,2
0.11267277828272751,2
0.11277886900714762,2
0.11295752268467835,2
0.11310265529985984,2
0.11321428144170202,2
0.11335937680030012,2
0.11351282013885879,2
0.11367181839439704,2
0.11379732547804212,2
0.11394791318869638,2
0.11409569019068143,2
0.1142573833976888,2
0.11441068901552492,2
0.11452216925019494,2
0.11471444345051544,2
0.114856535406539,2
0.11501253469371561,2
0.11514065876255433,2
0.1152520576542505,2
0.11540242647583725,2
0.11553885269382683,2
0.11568917839980564,2
0.1158255655055904,2
0.11597584812067946,2
0.1161233257662574,2
0.11626521768658525,2
0.11640708947645234,2
0.11654894114156979,2
0.11672692260971947,2
0.11685204686521942,2
0.11698827547371604,2
0.11714116303355307,2
0.11728291061470114,2
0.11743575313856763,2
0.11757190225818506,2
0.11774414601130222,2
0.1178635879675144,2
0.11800801034767966,2
0.1181524118730329,2
0.11829956889678384,2
0.11845780794634711,2
0.11858549138042786,2
0.1187409100814959,2
0.11886855737554648,2
0.11902393209250833,2
0.11915986516925765,2
0.11930410047276249,2
0.11944276864836118,2
0.1195897359234503,2
0.1197505432876651,2
0.11988083373852962,2
0.12003050819686283,2
0.12020232902695843,2
0.12034641405954358,2
0.12050709980013806,2
0.1206206724209484,2
0.12077854463618184,2
0.12092531574136882,2
0.12108590849510442,2
0.12121879334227464,2
0.12134889264698047,2
0.12150388248992072,2
0.12163671180997465,2
0.1217999570143175,2
0.1219244481569335,2
0.12207934882718866,2
0.12223146006227942,2
0.12236695785788226,2
0.122516260696849,2
0.12264342701674404,2
0.12280098024311058,2
0.12292258330323552,2
0.12306075065174765,2
0.12322100086345511,2
0.12336188931732685,2
0.12351656750414403,2
0.12364636823259119,2
0.12381756895757498,2
0.12396389473146453,2
0.12410467856640024,2
0.12423992279975087,2
0.12435307228828414,2
0.12451587469756761,2
0.12464554578840732,2
0.12480830059313662,2
0.12492965981658664,2
0.1250868532793169,2
0.12524953628081872,2
0.12535430115270157,2
0.12550315867152148,2
0.12563545786634317,2
0.1258063184252524,2
0.12593031183998324,2
0.1260708191266192,2
0.12621130667373104,2
0.1263682988148067,2
0.12654178777459713,2
0.12665192387539503,2
0.1268308691722953,2
0.12697675471846182,2
0.12713087481685334,2
0.127260207282647,2
0.12737576682482976,2
0.12754633031750326,2
0.1276866107410501,2
0.12783787149975986,2
0.12797536142883922,2
0.1281210801177938,2
0.12826127994401068,2
0.1283629812418894,2
0.1285168878593533,2
0.12864329343455697,2
0.12880814626256842,2
0.12894000896072533,2
0.1290800940282982,2
0.1292229056599991,2
0.1293629511063482,2
0.12951670391058062,2
0.12964298317459513,2
0.1297966929324481,2
0.12994489068340684,2
0.13008757887428044,2
0.13023847692372928,2
0.13035643590431642,2
0.13052374919610193,2
0.13064167453304573,2
0.1307952308706998,2
0.13094053926059576,2
0.13107760329438561,2
0.1312173892576357,2
0.1313571556835013,2
0.13151334210464266,2
0.13165580668736637,2
0.131800990091241,2
0.1319297200064707,2
0.13209950859270397,2
0.13223367595436714,2
0.1323596126083966,2
0.1325211168427592,2
0.13264428050689703,2
0.13280573877644242,2
0.13295896319305298,2
0.13311489965336504,2
0.13325440114092346,2
0.13337473973009864,2
0.13353334574761527,2
0.13367005488546704,2
0.13381494616941622,2
0.13394341710577704,2
0.13407460443326946,2
0.13421670461960503,2
0.13437244509072044,2
0.134525429655969,2
0.13464561539771444,2
0.13479309634153208,2
0.13493509447394897,2
0.13507980259382885,2
0.1352190302626864,2
0.13535550916189554,2
0.13552198819888506,2
0.1356420542353492,2
0.13579484470806913,2
0.13594215627229336,2
0.13607308166955265,2
0.1362067170007512,2
0.1363485145577077,2
0.13651482837590662,2
0.13663750117091475,2
0.1367710611020437,2
0.13691277866462986,2
0.1370735492739288,2
0.13721249965388194,2
0.13734325884739307,2
0.13749306607301184,2
0.13762378858742777,2
0.13777083099308846,2
0.1379124069515492,2
0.1380648509558951,2
0.13819277709641542,2
0.13833429333427918,2
0.13849211474607442,2
0.1386172657436367,2
0.1387614420415751,2
0.1389164763738306,2
0.13905789024078352,2
0.13918840837075286,2
0.1393243466441112,2
0.13947113922645615,2
0.13961519247748447,2
0.13975922498016227,2
0.13989780271094268,2
0.14004179451724263,2
0.14018576559288748,2
0.14031613660724987,2
0.14045463718930945,2
0.14060126395927586,2
0.14073701032012445,2
0.140886310036868,2
0.14100030572144046,2
0.14114956613636312,2
0.1412852380926351,2
0.14145073295656782,2
0.14158365162003578,2
0.14170841633022807,2
0.1418765528357713,2
0.14202297127824914,2
0.14215310300970002,2
0.14229677046045974,2
0.1424431273927545,2
0.14257862397438312,2
0.14271681157646554,2
0.142863107050236,2
0.14300938112477157,2
0.14314480100786747,2
0.1432639553372372,2
0.14338851059390093,2
0.14353470784132116,2
0.14368359047741447,2
0.143845982622322,2
0.14396234743968617,2
0.14411928318834827,2
0.14427348915642474,2
0.14444119496836516,2
0.14455749054858805,2
0.14470081300678647,2
0.14484952214415558,2
0.14497928659482567,2
0.14512525147701552,2
0.1452522776459284,2
0.14539820268935688,2
0.14553870297869426,2
0.1456683780347984,2
0.1458223453265072,2
0.14596548663017467,2
0.1461005068158976,2
0.14623820862689396,2
0.14638938877722824,2
0.14652165266276715,2
0.1466431040884188,2
0.14679692138885078,2
0.14694801710287647,2
0.14708560226763606,2
0.14722586569336849,2
0.14736610944803158,2
0.14751172637868404,2
0.1476627141354816,2
0.1478136790984178,2
0.14793497371645498,2
0.14808320271705647,2
0.14819907554271802,2
0.14835534785562382,2
0.14849812706667445,2
0.14864627262129926,2
0.14878093135587228,2
0.1489101866837952,2
0.14905557896049051,2
0.14918749069826895,2
0.1493301511545131,2
0.14946740898548963,2
0.149618101768936,2
0.1497526297105922,2
0.14988982956930322,2
0.15003238987188025,2
0.1501641728282316,2
0.150322827224165,2
0.15046532581622424,2
0.15059705173510218,2
0.1507395112586952,2
0.15088195049046288,2
0.1510216824739977,2
0.15114527526278437,2
0.15129034296129804,2
0.15142464614287374,2
0.15157772977114717,2
0.15170930924869794,2
0.15185429515310017,2
0.15201805024564535,2
0.15213615202804598,2
0.15227034167041714,2
0.15241256303418418,2
0.15256012985874678,2
0.15268353266443924,2
0.15283374161610228,2
0.15296783768809297,2
0.15310191578073806,2
0.15324669993195245,2
0.153402185489534,2
0.1535281646763307,2
0.15366752741364048,2
0.1538122297023329,2
0.1539569110553022,2
0.15407478409010686,2
0.1542221058477879,2
0.15436137191583563,2
0.1545113290712152,2
0.15463449134301857,2
0.15476834617497637,2
0.15493162481032963,2
0.15504938301540255,2
0.155201912802491,2
0.1553490686153444,2
0.15548015282911373,2
0.15560854519636377,2
0.15570215423960068,2
0.15585191048484973,2
0.1560016443065238,2
0.15616472171117404,2
0.1563063903271348,2
0.15646407329649833,2
0.15660302750596544,2
0.15673929076679594,2
0.15688087801349443,2
0.15701443251327746,2
0.15714796917863813,2
0.15730017922880074,2
0.1574310079488285,2
0.15755915010136473,2
0.1577112975832837,2
0.15785541595275376,2
0.15798617205678175,2
0.15812758288348377,2
0.1582636385758236,2
0.15837567054239512,2
0.15852769385292895,2
0.15864236281310048,2
0.15878634707107023,2
0.1589329763963981,2
0.15909824186109042,2
0.15924216049933534,2
0.1593700707917582,2
0.15952194301688488,2
0.15965514527938912,2
0.15978300276109064,2
0.15992415974253643,2
0.1600626340224916,2
0.1602010891299756,2
0.16034751117447524,2
0.16047528016830861,2
0.16061367815856492,2
0.16075737887811398,2
0.16089839839624734,2
0.1610447183823552,2
0.1611830375913899,2
0.16132399710033948,2
0.16146759579011527,2
0.1615952217611099,2
0.16173080651042618,2
0.1618716888327188,2
0.1620258391987325,2
0.16215339394779524,2
0.16228624617911105,2
0.16243236325102545,2
0.16255986615985837,2
0.16269532019002203,2
0.16284403289593793,2
0.1629741383744914,2
0.16312811890422318,2
0.16325287884104944,2
0.1634015086601805,2
0.16352888806787916,2
0.16367482369460676,2
0.16380482113463615,2
0.16395867381834267,2
0.16408863436621643,2
0.16422653321232755,2
0.16437766971937343,2
0.1644943208768707,2
0.16464276630886768,2
0.1647752882546959,2
0.16492369198732218,2
0.1650694242191777,2
0.16519129305137464,2
0.16533433751460583,2
0.16545882252425526,2
0.16560182872673096,2
0.1657368713646631,2
0.16589042710702298,2
0.16602543078012202,2
0.1661498297940894,2
0.16630067592206266,2
0.16642239480451615,2
0.16658642725156017,2
0.1667001758909978,2
0.16683242548320065,2
0.16698316868714935,2
0.1671259570802822,2
0.16726343774727984,2
0.16738768285925365,2
0.16753834239146337,2
0.1676731237881348,2
0.16781317148385239,2
0.16793734831710638,2
0.1680800005391567,2
0.168222632414453,2
0.1683467584157084,2
0.16849991394809122,2
0.16863192575541885,2
0.16876392013792965,2
0.1689064545047905,2
0.16905160751611256,2
0.16918090790881174,2
0.1693022767382793,2
0.16945792389440548,2
0.16958980930200393,2
0.16972431450109635,2
0.16986143843233792,2
0.1700011800161011,2
0.17013826599031168,2
0.17026742596302494,2
0.17041765229113023,2
0.17054941119361117,2
0.17068905667874382,2
0.17082604839359383,2
0.17095775350078132,2
0.17111050969692237,2
0.17123164457285467,2
0.17137382766278544,2
0.17150546064914865,2
0.17161865116074587,2
0.17177130644173064,2
0.1719028871206137,2
0.17203708157911018,2
0.17215021193565724,2
0.17230541648372502,2
0.1724369269074308,2
0.1725631606451426,2
0.17271304251484465,2
0.17283398343535236,2
0.17298908190347453,2
0.17312050245468366,2
0.17325716150895293,2
0.17339380189007692,2
0.17353305076087533,2
0.1736854141004491,2
0.1738062374856995,2
0.1739480550088053,2
0.17408460102502493,2
0.17421325232635274,2
0.17435763713574648,2
0.17448625331767678,2
0.17463847150436976,2
0.174769675484762,2
0.17490086225292803,2
0.1750294085907805,2
0.17517629846036495,2
0.1753257892086086,2
0.17548574578467263,2
0.17561421696469978,2
0.17576102096327523,2
0.17589469871359908,2
0.17602573798625662,2
0.17615938035685189,2
0.17630872422662924,2
0.17643447018851566,2
0.176575915497875,2
0.176709484366575,2
0.176848272328906,2
0.1769791867137038,2
0.17712840820972978,2
0.17724619892717217,2
0.17739014652002824,2
0.1775340733949569,2
0.17766228171009582,2
0.17781140131606846,2
0.17793434286274967,2
0.17806773042311894,2
0.17821417470394701,2
0.17835013947882086,2
0.17848347159231928,2
0.17861417209491814,2
0.178760536380203,2
0.17888858755903678,2
0.17902184790422146,2
0.1791681525368529,2
0.17929353947326582,2
0.17943196928761218,2
0.17956515724605068,2
0.17971138241740778,2
0.17984453316905769,2
0.17998549699640684,2
0.1801238310629573,2
0.18025170780039573,2
0.18038739584335614,2
0.1805204566197142,2
0.18066915065592248,2
0.1807865250686961,2
0.1809247483777998,2
0.1810707748923021,2
0.18119592350644442,2
0.18133930370796975,2
0.18146702511907395,2
0.18161557848323395,2
0.18174587028493683,2
0.18185530228087732,2
0.18198816789271696,2
0.18211059704351115,2
0.18227988925920835,2
0.18241790631885677,2
0.1825637149712964,2
0.18270169286641513,2
0.18283184324234306,2
0.18296197668135475,2
0.18308168449035045,2
0.18324040535662298,2
0.18336788420246164,2
0.1835057511922504,2
0.1836383977115791,2
0.18377102663814235,2
0.183911438095948,2
0.1840414311285044,2
0.18418180462621864,2
0.18431436150565988,2
0.18446509111521775,2
0.18458721741214942,2
0.18470673083676709,2
0.18483921815649557,2
0.18495870146923474,2
0.18513789967461558,2
0.18526254035905437,2
0.18540793485872506,2
0.18553513770720198,2
0.18567789714351865,2
0.1858050656588419,2
0.1859348127818815,2
0.1860775151762806,2
0.18620982102088968,2
0.18634729678451833,2
0.18647956694261839,2
0.18659107524815777,2
0.1867310913243062,2
0.18684775641396603,2
0.18697996039712775,2
0.1871173303332853,2
0.18725727274980092,2
0.1873946045994751,2
0.1875267363116668,2
0.18767180200595698,2
0.1877909473712136,2
0.18794633303875233,2
0.18806803494949306,2
0.18821302214685975,2
0.18833986870282224,2
0.18845634626613977,2
0.18861421641697493,2
0.18873324955749426,2
0.1888781403463159,2
0.18901007619464133,2
0.18915492688228874,2
0.1892790679170086,2
0.18941353664935195,2
0.18955832891149277,2
0.18967207955469445,2
0.18982717321865372,2
0.189946062073222,2
0.19008560921712522,2
0.19021738586365192,2
0.1903568951528717,2
0.19051963139523762,2
0.19065651597979372,2
0.19080112839295552,2
0.19093539262516568,2
0.19107222031414,2
0.19121161040527906,2
0.19133549639935168,2
0.19146710845365741,2
0.1915961230660314,2
0.1917405996739718,2
0.1918592612744434,2
0.1920088580083551,2
0.1921352240186454,2
0.1922822011252917,2
0.1924007984796785,2
0.19253742582108427,2
0.19268434382950114,2
0.19281577849055687,2
0.19294719587881248,2
0.19307859599880753,2
0.19318937092102414,2
0.19332846623502428,2
0.19345724094384936,2
0.1936246232776787,2
0.1937482107120837,2
0.19388465409665764,2
0.1940159311003327,2
0.19416005855042717,2
0.1942835798335585,2
0.1944225230420322,2
0.19456144694797267,2
0.19469006298811342,2
0.19482123430962123,2
0.1949626742975131,2
0.19509123874704873,2
0.1952300697898927,2
0.19535088852979737,2
0.1954871134296066,2
0.19561561047692114,2
0.19574152156587146,2
0.19588283145741375,2
0.1959907273841902,2
0.19613713895250676,2
0.19626555250596334,2
0.19639908511122886,2
0.19653003246416115,2
0.19666096267212926,2
0.19684064289315728,2
0.19697153244181384,2
0.19708957498859045,2
0.1972281288965455,2
0.19737179415673697,2
0.19750004927172665,2
0.19762572332725273,2
0.19776420297481256,2
0.1979052273504687,2
0.19802828691914628,2
0.1981590211200402,2
0.19829230114156235,2
0.19843068851880427,2
0.1985613701260665,2
0.19870484398716864,2
0.19880475112484824,2
0.19893282259915146,2
0.19907368227881328,2
0.1992119615724777,2
0.19936814296339853,2
0.19949614230821652,2
0.19962412527129925,2
0.19977256499096957,2
0.19989539499439937,2
0.20001820991247252,2
0.200135893390104,2
0.20027146805422077,2
0.20039679431829377,2
0.20053489078656822,2
0.2006448428552482,2
0.20079824414565386,2
0.20092094823722226,2
0.20105386068134556,2
0.20118164445093625,2
0.20131963258417562,2
0.20146782085508969,2
0.20158277938711922,2
0.20172582044014528,2
0.20186117973627926,2
0.20200162756078194,2
0.20213439645628856,2
0.20226714772655582,2
0.20240753854931065,2
0.20252238910971623,2
0.20267295097370142,2
0.2028005280304165,2
0.20293829297302826,2
0.2031015453692473,2
0.20321886656932278,2
0.20335402393222582,2
0.2034611167945888,2
0.20359369206949432,2
0.2037211517223139,2
0.20386388724891882,2
0.20399386080840237,2
0.2041161734345304,2
0.20425630492905822,2
0.20437094336592326,2
0.2045288681329302,2
0.20465111534240796,2
0.20479371820132766,2
0.20491338704975964,2
0.20504067861635614,2
0.20521122391627367,2
0.20534356738849788,2
0.20548861607548893,2
0.2056082018001492,2
0.20574303663404248,2
0.20588039682574857,2
0.20602028133224173,2
0.20614234636762674,2
0.20626693905775678,2
0.20641439606032483,2
0.20652624549077206,2
0.20664316561158705,2
0.20677277846326392,2
0.2069099972919354,2
0.20704973785745162,2
0.20715643568676004,2
0.20730376159479544,2
0.20743836801724883,2
0.20758057398759985,2
0.2077151431569906,2
0.20784207860540826,2
0.2079994561875504,2
0.20812889337706594,2
0.20826846372899707,2
0.2083902546648573,2
0.20852471492761251,2
0.20866169358452272,2
0.20880118959833324,2
0.20892291567423782,2
0.20906237525590754,2
0.20919674518158507,2
0.20932095792014133,2
0.2094223446370476,2
0.20954146089592415,2
0.20966563082643447,2
0.2098227217063651,2
0.20993419058766222,2
0.21007350921846155,2
0.21021027590231045,2
0.2103444916835023,2
0.21046603005559467,2
0.21059514839272986,2
0.21074449979026583,2
0.2108685204385972,2
0.21100264790797738,2
0.2111342271884792,2
0.2112607294024367,2
0.211397333821549,2
0.21152380275841737,2
0.2116578423711171,2
0.21177922123516002,2
0.21191828307365515,2
0.21204215824303588,2
0.2121761283982245,2
0.21230502613321497,2
0.21243390725572048,2
0.21258045776031867,2
0.21269414594407027,2
0.21283055470576587,2
0.2129719959927133,2
0.2131083668610768,2
0.21323714449636708,2
0.2133583318294095,2
0.21350727114196377,2
0.21364104517258548,2
0.21377480131010967,2
0.2138908770420848,2
0.21402207686464866,2
0.2141557820499601,2
0.2142793803757385,2
0.21441809499585146,2
0.21453661769876173,2
0.21467781790071075,2
0.21481143544464107,2
0.21492991153970673,2
0.21506853595723355,2
0.21518950156534652,2
0.2153432075814759,2
0.2154616206947328,2
0.2155926146112604,2
0.2157135168443207,2
0.21585706926323667,2
0.21599304728536892,2
0.21610886583308336,2
0.2162599133478837,2
0.21638828579933192,2
0.21652419161177971,2
0.21664749757050764,2
0.21677330430636627,2
0.21692173590042924,2
0.217034931629801,2
0.21717074959369614,2
0.2173040344752384,2
0.2174347872847243,2
0.21756300901295172,2
0.2176836732698315,2
0.2178269431666834,2
0.21794506255536442,2
0.21809583299258276,2
0.21822648231992461,2
0.2183571145802493,2
0.21849777639431536,2
0.21861581657583246,2
0.21875895299638576,2
0.2188719409632875,2
0.21903763355871383,2
0.21917066986150485,2
0.21931121729398484,2
0.21943167080158596,2
0.21956214573051172,2
0.21969511227707714,2
0.2198280611458908,2
0.21995597639092881,2
0.2200763522647396,2
0.2201891914877732,2
0.22031204638501165,2
0.22042235220801756,2
0.22057525606562853,2
0.22069054515314293,2
0.22084340801165017,2
0.2209611716551428,2
0.2210914471880789,2
0.22122170575151118,2
0.22136947857735922,2
0.2214997009322139,2
0.22161488349670586,2
0.22175759131520834,2
0.2218927694125572,2
0.2220054038700598,2
0.22213304092051578,2
0.22225065279895057,2
0.2224107829050036,2
0.22251835592029143,2
0.22266093487362817,2
0.22278098559520224,2
0.2229210265574125,2
0.223048546801424,2
0.2231685510017149,2
0.22330603811251498,2
0.2234160141928283,2
0.2235734588907036,2
0.22368840285564723,2
0.22382082191469113,2
0.22394822747549162,2
0.2240706214518625,2
0.2242254658335686,2
0.2243403348829786,2
0.22449014425083855,2
0.22461496824916327,2
0.22474976066904112,2
0.22486456951244307,2
0.22499184217182733,2
0.22514155397688276,2
0.2252613072852111,2
0.22539102385468912,2
0.22551573545926543,2
0.2256504065253905,2
0.22578007263533958,2
0.2259072288369313,2
0.22604184719409265,2
0.22616149274429323,2
0.22630355324485918,2
0.22642316748906477,2
0.22655771641399763,2
0.22668726493757466,2
0.22682177833556105,2
0.22696374507324207,2
0.2270733196500576,2
0.2272102709889709,2
0.22734222453653447,2
0.22747664986844368,2
0.227596123884232,2
0.227710606423281,2
0.2278624000141504,2
0.22797934001784162,2
0.22811367973831856,2
0.22823307767436848,2
0.2283698702857912,2
0.22850415755630585,2
0.22861853619447925,2
0.22876770606443111,2
0.22888702594127555,2
0.22902869980579138,2
0.2291604136390407,2
0.22928465607097284,2
0.2294188205618087,2
0.229535578709859,2
0.22967716072768887,2
0.22979388871807585,2
0.229927984909945,2
0.23005709758327816,2
0.23018619358868075,2
0.2303202371878032,2
0.2304443356129053,2
0.23058827049502795,2
0.23070489218803567,2
0.23083142374728413,2
0.23096041983540863,2
0.23108443884520127,2
0.23122580175751278,2
0.23133986953869565,2
0.23148615482253296,2
0.23161010865236925,2
0.23174148293914001,2
0.23186788341318612,2
0.2319917899382623,2
0.23212806938567437,2
0.23224698900110946,2
0.23238818767903074,2
0.23250955306453355,2
0.2326408092483122,2
0.2327670961053611,2
0.2328933670160535,2
0.23303199906453934,2
0.2331433858925433,2
0.23329188236602494,2
0.2334131381304622,2
0.2335343791937216,2
0.23366797477042237,2
0.23379660549652215,2
0.23393263922320284,2
0.2340365070638343,2
0.2341700355797891,2
0.23430107401008674,2
0.23443703913400604,2
0.23456309936871914,2
0.2346866724091932,2
0.2348349399037936,2
0.23495847935874645,2
0.2351042362883259,2
0.23521045253234768,2
0.23534382439552806,2
0.23547223975022974,2
0.23559816956304466,2
0.23573395845350004,2
0.23585245005554648,2
0.23600054481671814,2
0.23612394036624393,2
0.23624238577045406,2
0.23636328431821496,2
0.23649403568234761,2
0.23663710249232514,2
0.23673822357998095,2
0.23688372134906627,2
0.23700207680021274,2
0.23714014045763976,2
0.2372707902928493,2
0.23738417065450632,2
0.2375345030495721,2
0.2376478535170178,2
0.2377858280510799,2
0.23789915003591247,2
0.23803708990420158,2
0.2381676226132977,2
0.23828828864066293,2
0.23842863692624364,2
0.23853450066985682,2
0.23867973733818595,2
0.23880526390383314,2
0.23893815721285067,2
0.23905380923818187,2
0.2391768286261926,2
0.23932935165254496,2
0.23943757968912352,2
0.2395777667776305,2
0.23969088588971685,2
0.23983103747494997,2
0.23996625284250553,2
0.2400719539420183,2
0.2402267981702632,2
0.2403423012662432,2
0.24048236159069963,2
0.24061257552254584,2
0.24073785971516093,2
0.24086067211936818,2
0.24098346944254073,2
0.24112589544878796,2
0.2412388395833018,2
0.24136895505482864,2
0.24149905359852208,2
0.2416266810052083,2
0.24175674602563144,2
0.24186225804735195,2
0.24202173183326628,2
0.24213212186589456,2
0.242264573821594,2
0.2423847465270839,2
0.24252452109790307,2
0.24264711428726946,2
0.242752532411194,2
0.24289960889858625,2
0.24302215611618255,2
0.24315694071222269,2
0.24328680686450802,2
0.2434142063232325,2
0.24354403907188837,2
0.24365426119406994,2
0.24380610288715146,2
0.24392364191391677,2
0.24405830506648668,2
0.24418315833345905,2
0.24431778654561628,2
0.24443771277888926,2
0.24456251868750975,2
0.24470443589129395,2
0.24481208378492425,2
0.2449417351818552,2
0.2450762613137591,2
0.24520587846644734,2
0.24532325308969957,2
0.2454455036742097,2
0.2455921846506833,2
0.24570951394280902,2
0.2458488245996885,2
0.24597345452838307,2
0.24610051219074194,2
0.2462324396015403,2
0.2463521364510911,2
0.24649135761879548,2
0.24660613944187665,2
0.24674044186916752,2
0.24686740212345393,2
0.24699190517943237,2
0.24710662956642349,2
0.24723110284326993,2
0.2473824024338295,2
0.24748732257871559,2
0.2476190671700588,2
0.2477459159299162,2
0.24787762645963177,2
0.24799712655915415,2
0.24811417403667088,2
0.24826290210717383,2
0.24838723155110598,2
0.2485212950023195,2
0.24863828114690634,2
0.2487674374518023,2
0.2489014499444037,2
0.24902082776682596,2
0.24915724211587825,2
0.24926684730591553,2
0.2493983576783767,2
0.24952741585822685,2
0.24965158819498107,2
0.24978061369960713,2
0.24989015058991565,2
0.2500386147768542,2
0.25015299018383286,2
0.25027708487067124,2
0.2504060297007096,2
0.25052766052697617,2
0.25066873375394405,2
0.2507733096804177,2
0.25092407432493535,2
0.25104807336714086,2
0.25117691882691445,2
0.2512960253337951,2
0.25142483885210126,2
0.25156335562925614,2
0.2516702677403132,2
0.2518063211706488,2
0.25192535273966177,2
0.2520492276941261,2
0.2521876580159306,2
0.252306644205174,2
0.25244261108773575,2
0.2525542843416219,2
0.25270478073727454,2
0.2528188516239596,2
0.252937762738042,2
0.25306636496546436,2
0.25319009866643655,2
0.2533283711580724,2
0.2534302439190822,2
0.2535612079356931,2
0.2536994291261917,2
0.25383035789627856,2
0.25395884539256147,2
0.2540703494613634,2
0.2542133473517822,2
0.25432239979521043,2
0.2544677845562359,2
0.25458165452412407,2
0.25471246784401336,2
0.25483357603252826,2
0.25494740435774005,2
0.2550902768950967,2
0.2551992337543413,2
0.2553517534157529,2
0.25546552277633444,2
0.2555816994036639,2
0.25570512228327646,2
0.2558309495371416,2
0.2559736959049124,2
0.2560801375604709,2
0.25623977880339943,2
0.256353447184485,2
0.25648402895061956,2
0.2566073405192143,2
0.2567282194542731,2
0.2568708378065961,2
0.25698443448292785,2
0.25713184922732746,2
0.25725991324984837,2
0.25738796087407567,2
0.25752323866480914,2
0.25763676125894647,2
0.2577720053989756,2
0.2579024020706646,2
0.25802312457082943,2
0.2581390044614525,2
0.25827659439298334,2
0.25839727173089105,2
0.25850104259526274,2
0.2586192799895448,2
0.25872544043185114,2
0.2588774232653207,2
0.2590004400717426,2
0.2591330882972847,2
0.25924401693893245,2
0.2593669886592086,2
0.2595092311974411,2
0.25962252857304063,2
0.2597599145519329,2
0.2598780032029075,2
0.26000330652144055,2
0.26012859414101924,2
0.26025145713809134,2
0.26038393953318134,2
0.260492321166695,2
0.2606368117413446,2
0.2607547968922075,2
0.26086795324431206,2
0.26099313258795787,2
0.26110866884480805,2
0.26126510291839344,2
0.2613613578786063,2
0.26149850519067375,2
0.26162120000191974,2
0.2617655275680137,2
0.26188097462484333,2
0.2620036225209243,2
0.2621406817824375,2
0.2622536814303354,2
0.26237868744040255,2
0.2625036778259203,2
0.26262624937721674,2
0.2627560146464455,2
0.26287134741765933,2
0.263001080887635,2
0.26312118946593416,2
0.26325569394921944,2
0.2633781733650256,2
0.26350303889461757,2
0.2636278888347558,2
0.26373591947234964,2
0.2638799421705758,2
0.26399754532247577,2
0.2641175342836354,2
0.2642543041397723,2
0.26437426229851047,2
0.26450140223777446,2
0.2646045416331573,2
0.2647388467602175,2
0.26487313385183275,2
0.26499781286348156,2
0.2651176818707741,2
0.26523993345750024,2
0.2653813431203301,2
0.2654891845073227,2
0.2656257669044603,2
0.2657407691926535,2
0.2658677355239881,2
0.26598989545544305,2
0.26611683016207693,2
0.2662413542169327,2
0.26635628573702863,2
0.26650711331386245,2
0.2666100460593731,2
0.26673211534940455,2
0.2668685281010973,2
0.2669977440714137,2
0.26712455091963205,2
0.26723938098322564,2
0.26737572455968095,2
0.26749530888471024,2
0.2676268351273744,2
0.26775356223267843,2
0.26787310138547954,2
0.2680069682741827,2
0.26810735668179625,2
0.2682411922172424,2
0.26836545203512274,2
0.26848730724500186,2
0.2686163142258919,2
0.2687309731277286,2
0.26886711350060516,2
0.2689698036236967,2
0.26912023755423387,2
0.2692324513048336,2
0.2693589751111726,2
0.26948548291126345,2
0.26960958821955,2
0.26974560903810385,2
0.26985298082734316,2
0.27000805306149334,2
0.27014640490954595,2
0.27027519804648087,2
0.2703968207800659,2
0.2705136600629964,2
0.27064002187996145,2
0.27074491390087385,2
0.2708760134568726,2
0.27097849750341363,2
0.27109765179406237,2
0.27123108774619487,2
0.271338300163878,2
0.27148123217612763,2
0.2715860360025159,2
0.27172893261229886,2
0.2718408540292932,2
0.27197657170815787,2
0.2720979877045074,2
0.2722289100046897,2
0.2723574352255611,2
0.2724573878671308,2
0.2726049187477532,2
0.272728637544603,2
0.27284520471299734,2
0.27296651529559146,2
0.2730759200624188,2
0.273223359725382,2
0.27333035877081485,2
0.27346111983606186,2
0.27357522461289696,2
0.2737107071269465,2
0.27382478342985717,2
0.2739388467208494,2
0.2740742799827528,2
0.27419306598990073,2
0.2743284648287657,2
0.27444247068594,2
0.2745659623658451,2
0.274689438797438,2
0.2748128999844842,2
0.2749505887132176,2
0.27505265605163925,2
0.27519031177489334,2
0.2753137111428655,2
0.27543946790809265,2
0.2755580918702722,2
0.2756743297024963,2
0.27581901506545226,2
0.27592810821688224,2
0.27604904540912883,2
0.2761604843827727,2
0.27630509942844206,2
0.27642125046759125,2
0.2765350179979867,2
0.2766653607165752,2
0.2767767310336575,2
0.27692125699468084,2
0.2770397053217368,2
0.27716287670065387,2
0.2772860329102509,2
0.27741627778263517,2
0.2775417704302329,2
0.2776530431894742,2
0.27779270849009413,2
0.27791105364624674,2
0.27804358359584275,2
0.2781524343450089,2
0.27826837102478325,2
0.2784055848277608,2
0.2785214921635239,2
0.2786586712415645,2
0.2787650903223696,2
0.27889514271001914,2
0.27901572163084215,2
0.2791339221463339,2
0.27926865369392967,2
0.27937737118218997,2
0.2795167958783104,2
0.2796278491000903,2
0.2797530645357734,2
0.279880626403452,2
0.27999872473698567,2
0.2801380628340181,2
0.2802490470873556,2
0.2803765457062931,2
0.2804875034964111,2
0.28062913385086535,2
0.2807636641103459,2
0.28090289567035365,2
0.2810090762033145,2
0.2811270413518279,2
0.2812449925862063,2
0.28137708145390145,2
0.2815091528764319,2
0.2816341329799979,2
0.2817590974654895,2
0.28187461677797176,2
0.28199483699326355,2
0.2821291836620806,2
0.2822375906219137,2
0.28235069839960775,2
0.2824944210763484,2
0.2826145668061957,2
0.28272998734340615,2
0.28286188021832037,2
0.2829937556997981,2
0.2831114869712434,2
0.28322214172968746,2
0.283356323626397,2
0.2834834267118777,2
0.28359874701414484,2
0.28372111319981397,2
0.2838458171750912,2
0.2839634481808779,2
0.2840810653512385,2
0.28421513205315146,2
0.28433271962663226,2
0.28444794203540186,2
0.28457490645732003,2
0.28470185476132,2
0.28481938511954685,2
0.2849133994615039,2
0.2850426547514567,2
0.28515544571701984,2
0.28529406718547823,2
0.28539978250830794,2
0.28553367254250894,2
0.28568398385160415,2
0.28578261337102967,2
0.28589062501760776,2
0.285993929590101,2
0.2861324348834547,2
0.2862451030055372,2
0.2863647989779106,2
0.28648917373093474,2
0.28660884049433794,2
0.2867472606513492,2
0.28684343964757253,2
0.2869841727264113,2
0.28710143516457254,2
0.2872350975733915,2
0.28734764153599573,2
0.2874695498704569,2
0.287600819150821,2
0.2877180093060444,2
0.28786564935051095,2
0.28796875010581524,2
0.28810463940778763,2
0.2882405102463666,2
0.2883599676289163,2
0.28848877822716196,2
0.2886082059577205,2
0.28872996072503826,2
0.2888353134636631,2
0.28894299590357037,2
0.2890530072910303,2
0.2891793884145395,2
0.289308093512726,2
0.2894087059618466,2
0.28954206035133373,2
0.2896543449930181,2
0.28979234426113926,2
0.28990927788740767,2
0.29001918303002666,2
0.29015946991694,2
0.2902693475671183,2
0.2904095993660775,2
0.2905101010565772,2
0.2906409718382262,2
0.29076014282887674,2
0.29088163588523064,2
0.29101479401070124,2
0.29111289917952077,2
0.2912506973288061,2
0.2913744659190647,2
0.2915075584407456,2
0.291612618973219,2
0.29172000277704335,2
0.2918717211040912,2
0.2919697422440623,2
0.292107422380653,2
0.2922194193568518,2
0.29235006664435675,2
0.292469034146541,2
0.2925786583339449,2
0.29271625466617024,2
0.2928375103151998,2
0.2929634140829198,2
0.2930776463779125,2
0.29320351991712984,2
0.29332005536501415,2
0.2934319166198879,2
0.29357172559445366,2
0.2936765694994493,2
0.2938070265652822,2
0.29392815003217015,2
0.29404925882994076,2
0.2941633671607877,2
0.29428211914740354,2
0.2944218093148398,2
0.2945312196514323,2
0.29465691036864006,2
0.29476629498717716,2
0.29489660997730877,2
0.295015274926963,2
0.29512694672366896,2
0.2952665189350683,2
0.29537816267999445,2
0.2955083979641729,2
0.29562466513696534,2
0.2957618430162011,2
0.29587343147807,2
0.29599198057671267,2
0.2961221359498729,2
0.2962313604213757,2
0.2963614846437186,2
0.2964846223315575,2
0.29659613017322956,2
0.2967169163052703,2
0.2968214309914207,2
0.2969561226985631,2
0.29706757797956906,2
0.2971859856060872,2
0.2973067005170789,2
0.2974390058920036,2
0.29755504882802014,2
0.29766411691097827,2
0.2978079757624901,2
0.2979239758925403,2
0.2980515604958036,2
0.29816521306928695,2
0.2982858098379034,2
0.29840871081117887,2
0.2985246412808502,2
0.29864983109427223,2
0.29876341569695836,2
0.29888857562369464,2
0.2990044504789808,2
0.29913189731354767,2
0.2992407935575458,2
0.29935199450472183,2
0.29949561076232883,2
0.2996021514331727,2
0.29971794363724463,2
0.29984066873664966,2
0.29996800904917587,2
0.3000860737603496,2
0.3001971807565012,2
0.3003429899573201,2
0.3004540684135363,2
0.3005836443533167,2
0.30069932297048474,2
0.3008173013759468,2
0.3009630201920888,2
0.3010948427313901,2
0.30121046223236625,2
0.3013006361640686,2
0.3014162318751341,2
0.3015410602362999,2
0.30165893938257526,2
0.301783737452527,2
0.3018831025558156,2
0.3020355972303503,2
0.30213724742900216,2
0.30225505632232386,2
0.3023774704680086,2
0.3025091066949503,2
0.3026314897471285,2
0.3027307706532984,2
0.30286928568009164,2
0.3029870083694293,2
0.30311394868111124,2
0.30322241218036544,2
0.3033354786231733,2
0.3034739099199419,2
0.30358002760455366,2
0.3037138121148136,2
0.30381990434596345,2
0.3039467389802906,2
0.3040712518813715,2
0.30417730619972605,2
0.30430870573171775,2
0.3044124300096305,2
0.30455071231317304,2
0.3046705415106222,2
0.30478805235458895,2
0.3049078531168494,2
0.3050253360790755,2
0.3051773523681439,2
0.30527177509415215,2
0.30539151792354197,2
0.30550203704115925,2
0.3056286585156399,2
0.3057437550357085,2
0.30587034590913587,2
0.30599922197196644,2
0.3061050720285571,2
0.30623391784630805,2
0.30634434390697046,2
0.3064731589012139,2
0.3065950578103696,2
0.3067077435839099,2
0.30683191319976455,2
0.30693537610323285,2
0.3070733099917389,2
0.307179046423095,2
0.30729856110170817,2
0.3074134655932214,2
0.3075444406104985,2
0.30767080375306544,2
0.30776958563471085,2
0.307911998148877,2
0.30802912872548854,2
0.3081554306400489,2
0.30828860447112877,2
0.30841487361972586,2
0.30853653608000564,2
0.30864670817811524,2
0.30877063728164683,2
0.3088876673344095,2
0.3090115665815359,2
0.30912856844337544,2
0.30924326286315895,2
0.3093625311067542,2
0.30946114602589536,2
0.3095895601800634,2
0.3096950309005721,2
0.3098188301625198,2
0.30993344544498846,2
0.3100640908449092,2
0.31018326123579154,2
0.31027950387731396,2
0.3104101040770658,2
0.3105338148505992,2
0.3106666723405209,2
0.3107995121816751,2
0.3109300444903243,2
0.3110353739311451,2
0.3111590073810193,2
0.3112872037047075,2
0.31139478436455537,2
0.31151608484315435,2
0.3116373706097318,2
0.3117632176462575,2
0.3118707471111503,2
0.31196911500486424,2
0.31209263307411367,2
0.31220241410680594,2
0.3123236166650143,2
0.31243794523630614,2
0.3125591192526299,2
0.3126939938137776,2
0.3127968520146957,2
0.3129225532276493,2
0.3130482386417939,2
0.31317162349988653,2
0.3133018465584618,2
0.3134320526612003,2
0.31354397067337914,2
0.31365815981639955,2
0.3137791860735362,2
0.3138910652441488,2
0.314018911828422,2
0.3141330467542896,2
0.31425629784430487,2
0.31436812365176375,2
0.31448221872959775,2
0.3145917377586384,2
0.3147331820879834,2
0.3148472355244229,2
0.31496583730085165,2
0.31507074253275413,2
0.315187037644272,2
0.3152919196748843,2
0.31541274837754757,2
0.3155290037245696,2
0.3156589201793552,2
0.3157705892561389,2
0.3158731315064842,2
0.3160075598615,2
0.3161260241093564,2
0.3162467520763643,2
0.3163651879935613,2
0.3164813326735253,2
0.3166065716239133,2
0.31671585825553494,2
0.3168410678394677,2
0.3169526049922674,2
0.3170732332150935,2
0.3171938468885063,2
0.3173053447024683,2
0.3174236553180263,2
0.31753057787093825,2
0.3176670581361038,2
0.31777622893848106,2
0.3178944838598429,2
0.3180240933829135,2
0.31814231899844964,2
0.3182628038021654,2
0.31837190958942646,2
0.3185060024796359,2
0.31861735409520153,2
0.3187377816814444,2
0.3188604665722723,2
0.31898086488638716,2
0.31911941859036497,2
0.3192488694576962,2
0.3193487849837438,2
0.319469124523034,2
0.31959853013147194,2
0.3197120300373889,2
0.3198255170625392,2
0.3199435299079205,2
0.320029761257608,2
0.3201545566217356,2
0.3202634562141504,2
0.32039275907906956,2
0.32051070500553547,2
0.320630904809505,2
0.3207488226526522,2
0.32085085571825617,2
0.32098461663328953,2
0.3211206263355246,2
0.32124528564745325,2
0.3213676633096034,2
0.3214786967477773,2
0.3215965146693789,2
0.32171205338007275,2
0.32183437393710096,2
0.32194082594829515,2
0.3220427374688013,2
0.3221491673027693,2
0.32226464218201695,2
0.3223868951688776,2
0.3224955519448664,2
0.32262456653387916,2
0.322726408400706,2
0.32285313046318664,2
0.32297757400274774,2
0.3231020020580411,2
0.32322415272425353,2
0.32332367186593775,2
0.32345484105855327,2
0.32357242639851047,2
0.32369451961909695,2
0.3237939919636064,2
0.32391153743349416,2
0.32404036948075704,2
0.32414432710230034,2
0.3242640909642631,2
0.32437932189508367,2
0.32451035270106543,2
0.32462781400109053,2
0.32473396907568514,2
0.32485592057075835,2
0.32496656739186386,2
0.32509977895346964,2
0.3252103987972021,2
0.3253277779025018,2
0.3254428863359015,2
0.32556023815679486,2
0.3256956269937408,2
0.32579715659365477,2
0.3259189785082143,2
0.3260340189134638,2
0.32615581197817584,2
0.32626406002868913,2
0.32637906074475165,2
0.3265165932539335,2
0.32662705648951396,2
0.32674201547069825,2
0.3268434388921578,2
0.32697189379395947,2
0.3270913195141202,2
0.3271994663505926,2
0.3273233702238735,2
0.32743374438111567,2
0.32755761923163884,2
0.3276657156537526,2
0.3277895617739808,2
0.32789988449055313,2
0.32802370161506983,2
0.3281497542106822,2
0.3282532855289985,2
0.32837255832515305,2
0.32849631694200465,2
0.3286290591601871,2
0.3287437882365976,2
0.3288517565210189,2
0.32897995371997335,2
0.32908564782110405,2
0.329211566635115,2
0.3293262289042722,2
0.3294431259181361,2
0.3295555140078143,2
0.32966564208238114,2
0.32980497043008244,2
0.3299105773723765,2
0.3300341458041696,2
0.3301352358923724,2
0.33025653051040943,2
0.33037107303107666,2
0.3304900935150915,2
0.33062257135612094,2
0.33072584698989865,2
0.33084931472737444,2
0.33097276722245,2
0.33109171611832944,2
0.33120616302014105,2
0.3313093784038124,2
0.33144174775937824,2
0.3315516683138474,2
0.33166381969140807,2
0.3317737158396588,2
0.33189481189364506,2
0.33201589328515274,2
0.33211902513034025,2
0.33224456258774393,2
0.3323633603101054,2
0.33247317961263906,2
0.3325941909990617,2
0.3327107066436595,2
0.33284513090475254,2
0.33294593724354044,2
0.3330848093336094,2
0.33318111252299915,2
0.33330427750488717,2
0.33342518836686025,2
0.3335371298350224,2
0.3336557741116385,2
0.3337542605541639,2
0.3338974962487438,2
0.3340026718977691,2
0.33411007391031744,2
0.3342264130749098,2
0.33433602797996215,2
0.33446576070835626,2
0.3345619310058986,2
0.3346938705509432,2
0.33480567009894235,2
0.33492192837129653,2
0.33503817312923584,2
0.33515440437590216,2
0.3352817961852282,2
0.33539353002639627,2
0.3355186571087524,2
0.33562813046382906,2
0.33573312425923896,2
0.3358582088590309,2
0.33597657808852954,2
0.33609493330841195,2
0.33619317983134567,2
0.3363293692733022,2
0.33643652169772836,2
0.3365548224966199,2
0.3366686459030756,2
0.3367913821174424,2
0.3369118721102248,2
0.3370078074632568,2
0.33713273273133937,2
0.3372442599630592,2
0.33737138583680254,2
0.3374851163424572,2
0.3375988339149548,2
0.3377236853753217,2
0.33783737582310586,2
0.33797111274494873,2
0.33807363227389453,2
0.3381961961771957,2
0.3383276571206731,2
0.33845018989555875,2
0.3385593428133357,2
0.33868852883024275,2
0.3387932018107901,2
0.3389201309388573,2
0.3390314590161359,2
0.33914277470085347,2
0.3392629817242049,2
0.3393809486424114,2
0.3394655201320773,2
0.3395790127334829,2
0.3396813675621614,2
0.33980818401331725,2
0.3399149643418126,2
0.3400284059489794,2
0.3401574023350354,2
0.3402663690747138,2
0.3403997815663232,2
0.3404998292558053,2
0.3406220961735308,2
0.34074212551418037,2
0.3408643628124882,2
0.3409932514151364,2
0.34111323621720546,2
0.34122876353287895,2
0.34134427750353363,2
0.34146866224346334,2
0.34157082384988796,2
0.3416929598984946,2
0.34180397972675,2
0.3419238672989925,2
0.3420459602385094,2
0.3421502823942993,2
0.34226790921778955,2
0.342387741186883,2
0.3425031213646965,2
0.34261183281245194,2
0.34273827819985936,2
0.3428536179420697,2
0.3429622912955814,2
0.3430798226494229,2
0.34319512300698163,2
0.34331484392436423,2
0.3434234671691803,2
0.34353872791349344,2
0.34366727230359434,2
0.3437714254664544,2
0.3438844304576284,2
0.34400406888386115,2
0.3441214778671124,2
0.34422779863697495,2
0.3443429667160543,2
0.3444581215329747,2
0.34457104895508345,2
0.3446706802088259,2
0.34477694260620567,2
0.34488762059755745,2
0.34501377856742244,2
0.3451266432615848,2
0.3452461331725743,2
0.34535675924990844,2
0.34547179738960315,2
0.3455956698188557,2
0.3456996223369779,2
0.34583010062856073,2
0.3459251842524683,2
0.34603794613376565,2
0.3461595378356134,2
0.34626564214951633,2
0.3463872061702525,2
0.34648886654953315,2
0.3466192419092169,2
0.3467230880844015,2
0.34683796916052173,2
0.3469528370404961,2
0.3470765261568951,2
0.34719357498074327,2
0.3472929453042092,2
0.34742542371042273,2
0.347533601391265,2
0.34765721869872845,2
0.3477653713087881,2
0.3478801327155358,2
0.3480037071957976,2
0.3481074097064842,2
0.3482331621530313,2
0.3483368408726258,2
0.3484559478352303,2
0.3485838617361171,2
0.34868529905896434,2
0.34880656930986687,2
0.34890798404551476,2
0.3490490657011658,2
0.34914163972187584,2
0.34925844709012926,2
0.34936642667107504,2
0.3494876143545885,2
0.3496109903629584,2
0.34971452633684524,2
0.3498466843451521,2
0.34995019592037135,2
0.3500691108875016,2
0.3501814064848615,2
0.3502870849406454,2
0.35041696607757405,2
0.3505160166231484,2
0.3506458680315035,2
0.35074049487721004,2
0.3508681169049454,2
0.3509803228183147,2
0.35109031639480065,2
0.3512200932557686,2
0.3513168650371926,2
0.35144221455910446,2
0.35155215734498935,2
0.3516708819787315,2
0.3517829978583045,2
0.35188411120425334,2
0.3520159828142451,2
0.35211927009692545,2
0.35225111070182535,2
0.3523565706721745,2
0.3524817899433642,2
0.35258942204814814,2
0.35270143499784073,2
0.35282441515866053,2
0.3529298146888518,2
0.3530527667684338,2
0.3531625326379446,2
0.3532810662456536,2
0.3533842229506565,2
0.3534983413749806,2
0.3536234177650002,2
0.35371776328689425,2
0.3538581680477238,2
0.3539678455521001,2
0.35407751102864077,2
0.35419155036795014,2
0.35430996207242765,2
0.35442835975723347,2
0.3545313981851775,2
0.35464976965691425,2
0.35476374375861486,2
0.3548842791550757,2
0.35498946181142904,2
0.3551099700055844,2
0.3552479888223689,2
0.35536846586780413,2
0.35547578773824257,2
0.35559185761243706,2
0.35570134514520113,2
0.3558151994643438,2
0.35591809510089334,2
0.3560166022794102,2
0.3561216659086671,2
0.3562464146331637,2
0.3563558305274634,2
0.3564630464900536,2
0.3565811895439265,2
0.3566905688166634,2
0.35681743378657177,2
0.3569136654424867,2
0.3570405021142001,2
0.357154204075244,2
0.35727445169803884,2
0.35737938326308,2
0.3574843038186432,2
0.35761106813771704,2
0.3577225200392346,2
0.35784051439749315,2
0.35794975602040785,2
0.35806553911292893,2
0.35818130880127735,2
0.3582926971700443,2
0.3584149916772079,2
0.3585110697275961,2
0.35863988717271306,2
0.35874467556574785,2
0.35885163572537343,2
0.3589694969373849,2
0.3590786153047333,2
0.3592095416304948,2
0.35930990687278647,2
0.3594233511052507,2
0.3595476886534962,2
0.35966328689086097,2
0.3597701488460348,2
0.35986609678998754,2
0.36000564100392596,2
0.360105926381312,2
0.36022363986247535,2
0.3603282624366348,2
0.3604437704814626,2
0.36057233921742776,2
0.3606682102274151,2
0.36079021458486493,2
0.36089695618859546,2
0.3610189326429348,2
0.36113218317282875,2
0.36123671074098107,2
0.361354291196632,2
0.36145444142205374,2
0.3615937641830467,2
0.361696066975458,2
0.36180924084982524,2
0.3619245779661987,2
0.3620420775746686,2
0.36216173891147196,2
0.3622574576724221,2
0.36238144335549727,2
0.36249453969412393,2
0.36260327411258897,2
0.3627076480322505,2
0.3628163592822326,2
0.36294462335857564,2
0.36304896165821676,2
0.36318154254089985,2
0.3632793368447856,2
0.3634010230683169,2
0.3635161767497226,2
0.3636182830729083,2
0.3637421001583036,2
0.3638376677757237,2
0.3639658009301354,2
0.36407220412233154,2
0.36418510941445287,2
0.36430017284601013,2
0.36441305240364213,2
0.3645346007561605,2
0.3646322628345955,2
0.36477114358616375,2
0.3648752914936443,2
0.36499244492572297,2
0.36509873894157846,2
0.3652115283984867,2
0.3653308110975401,2
0.3654283954511591,2
0.3655584931113194,2
0.36566255905453265,2
0.36577962029720645,2
0.36589450041559424,2
0.36599853139958266,2
0.36611988720411476,2
0.36622389474475525,2
0.3663560553872916,2
0.36645353974925243,2
0.36657484035178867,2
0.3666874634522051,2
0.366806570238076,2
0.36693215839138066,2
0.3670447412589851,2
0.36716380550077865,2
0.36726770452833385,2
0.3673932347856193,2
0.36749278206200153,2
0.36760962926494234,2
0.3677264628162094,2
0.3678324666346093,2
0.3679427852066366,2
0.3680574171031954,2
0.36817419835258475,2
0.3682844792337759,2
0.36838177579485165,2
0.3684855483600729,2
0.3685893101576661,2
0.3687125133100934,2
0.3688162515612893,2
0.36893078338019053,2
0.36904098086066905,2
0.36916412838183277,2
0.3692743001526962,2
0.36936718064688717,2
0.3695032457942257,2
0.3696112208305022,2
0.369727820776221,2
0.36982713593352273,2
0.3699307586261217,2
0.37006890551533816,2
0.37016387043234755,2
0.37028687975855196,2
0.37039692791012374,2
0.37050912140086145,2
0.37061914509921406,2
0.3707183717783295,2
0.37085209650832945,2
0.37094698708231605,2
0.3710785250306646,2
0.37118417413129023,2
0.3712941235869895,2
0.37140406095513495,2
0.37152907307931843,2
0.3716497596134337,2
0.37177043158406725,2
0.3718932434590527,2
0.3719923438003836,2
0.37210651245345766,2
0.37221205300966803,2
0.37230250747882665,2
0.37242310071153906,2
0.3725243016654982,2
0.3726341038816756,2
0.37274819929354924,2
0.37286443406208236,2
0.3729720468026738,2
0.37307534413984633,2
0.3731936925555683,2
0.3732969670010439,2
0.3734174403754983,2
0.373527144572224,2
0.3736368367352591,2
0.3737551187218033,2
0.37385618497081546,2
0.37398949078314625,2
0.3740840841285749,2
0.37420446271938795,2
0.37431622986555174,2
0.3744215374767029,2
0.37453113158107953,2
0.37463211943576435,2
0.3747653218585266,2
0.37487058218997904,2
0.3749822749148177,2
0.37509395516578475,2
0.3752056229456662,2
0.3753215724433483,2
0.37542248050867205,2
0.3755469913208796,2
0.3756414374587468,2
0.3757573364378922,2
0.3758667842523179,2
0.37598265711845563,2
0.37610495280167766,2
0.3762079270410465,2
0.3763409197416593,2
0.37643314622852825,2
0.37654680903399873,2
0.37666903574754973,2
0.3767783838294039,2
0.3768898636816799,2
0.376994900632275,2
0.37712135905709315,2
0.37722208568190413,2
0.37734851538233777,2
0.37745136165296544,2
0.37756276651118953,2
0.37767630100062577,2
0.37777054625683926,2
0.37790118976195464,2
0.37800183787162184,2
0.3781174636211768,2
0.3782245125811913,2
0.3783358313447261,2
0.37845141848471525,2
0.37855201123291904,2
0.37869111219154883,2
0.3787852618596339,2
0.3789114940950213,2
0.37904198863743277,2
0.37914252199908566,2
0.37926229323616634,2
0.3793799117396171,2
0.3794846874822041,2
0.3795873143012477,2
0.37970061918021286,2
0.3797903988353482,2
0.37989299428661244,2
0.3800190867766894,2
0.38010883784574906,2
0.3802455858919608,2
0.3803374529838444,2
0.38045067290511725,2
0.38055533652381857,2
0.3806706674168211,2
0.38079025577674525,2
0.3808948838613674,2
0.3810251198555776,2
0.3811169153651338,2
0.3812385847979736,2
0.3813495685624433,2
0.381454138146661,2
0.3815714991460287,2
0.3816611109987497,2
0.3817869807535873,2
0.3819021696955761,2
0.38201521260827925,2
0.3821154475206096,2
0.38223486323671274,2
0.3823500006021131,2
0.3824459382810705,2
0.3825674461296677,2
0.3826718884450997,2
0.38279549994709405,2
0.3828999184480164,2
0.3830000647255884,2
0.38311937485750375,2
0.38322375954713395,2
0.3833558225200634,2
0.38344527462597466,2
0.3835602727201145,2
0.3836731283618984,2
0.38378597126872366,2
0.3839030589366521,2
0.3839967192011405,2
0.3841265518768017,2
0.38422870344427873,2
0.38433935586810536,2
0.3844372304992918,2
0.3845563692961309,2
0.38467549390060796,2
0.3847775894110466,2
0.384890307763096,2
0.3849923813454782,2
0.38511145402460534,2
0.3852220088184376,2
0.38533255139125855,2
0.38544945812426296,2
0.38555572511379793,2
0.38567685570866533,2
0.38577672428595045,2
0.3858978281156354,2
0.3860146687865187,2
0.38612087573297754,2
0.3862313189928651,2
0.386331132214802,2
0.3864606621804666,2
0.38655408321640394,2
0.3866666015140146,2
0.3867727392469274,2
0.38687462087330093,2
0.38699983615354894,2
0.38709745074997953,2
0.3872205164438751,2
0.387332959784749,2
0.3874453904835394,2
0.38754720360564177,2
0.38764688557781546,2
0.3877783657478265,2
0.38788014497604606,2
0.38800947446642425,2
0.3881303082194663,2
0.38824476883454156,2
0.38835285849820184,2
0.3884715317315934,2
0.38856900278170914,2
0.3886855317853804,2
0.388806283880417,2
0.3889016041831841,2
0.389018094437847,2
0.38912610054982727,2
0.3892404472491438,2
0.3893484293496276,2
0.3894500489114808,2
0.38957070873031985,2
0.38967230570789724,2
0.3897717760811519,2
0.38987758476645057,2
0.38997491887006985,2
0.39010820890197123,2
0.39020340519150315,2
0.39031974390651475,2
0.3904487582896823,2
0.39055661000002945,2
0.3906686788654073,2
0.3907828493220228,2
0.3908822092958904,2
0.3909984690710905,2
0.39111260188376396,2
0.3912140423383041,2
0.39133448951443883,2
0.3914337946951873,2
0.3915183019755398,2
0.3916492741483652,2
0.39173798748816374,2
0.39184570025001264,2
0.3919618480704182,2
0.3920758709891482,2
0.3921856585503279,2
0.39228065728902717,2
0.39241575106330956,2
0.39251494893253625,2
0.3926331292927861,2
0.39273230560196826,2
0.3928441309182814,2
0.3929601628377379,2
0.3930571973778913,2
0.39318375002079575,2
0.39327865399386364,2
0.3933988527648179,2
0.39351060357328255,2
0.39361180107716376,2
0.3937172042549564,2
0.39381838085458154,2
0.39395115960848986,2
0.3940396689842195,2
0.39415345524317635,2
0.39425669453403533,2
0.3943704561025507,2
0.3944863110649063,2
0.39458109150608556,2
0.394711663178536,2
0.3948148448594573,2
0.3949390699006481,2
0.3950359126176252,2
0.3951453757013095,2
0.39526114092535514,2
0.395362161443129,2
0.3954905269609603,2
0.39558310825371373,2
0.39569671903591996,2
0.3958061098135451,2
0.3959154886261367,2
0.39601644306632494,2
0.39612159310501194,2
0.3962498611812612,2
0.3963423722038052,2
0.3964601011288869,2
0.396558898637168,2
0.39666609340280307,2
0.39679008869954724,2
0.3968804484680776,2
0.3970086192505675,2
0.3971115642118704,2
0.3972313031810608,2
0.3973321248779753,2
0.3974497373450324,2
0.3975631362678642,2
0.39767022344427716,2
0.39779409430381596,2
0.39791585070299973,2
0.39802919678439025,2
0.3981299380724529,2
0.3982390630164248,2
0.3983481760534426,2
0.398453081208788,2
0.3985705619190101,2
0.3986628585099751,2
0.39875934129311685,2
0.39886000905602853,2
0.3989711512730948,2
0.39909066779744484,2
0.3991913022136614,2
0.3993191771730887,2
0.3994407480364754,2
0.3995560171007963,2
0.39966079563051415,2
0.3997718488869507,2
0.39987450979491945,2
0.39998972887365036,2
0.4000986510677024,2
0.4002033727594305,2
0.40031645987013353,2
0.4004211587562329,2
0.40052794032834754,2
0.4006409907426721,2
0.4007540283780452,2
0.4008565885092446,2
0.40096960177795976,2
0.4010533070767633,2
0.40114955950930403,2
0.40126044756583246,2
0.4013755070778769,2
0.4014738201716913,2
0.4015888551372189,2
0.4016934208966288,2
0.4018147034810166,2
0.4019129734076755,2
0.4020195958087248,2
0.40214292911085864,2
0.40223907672678527,2
0.402343574520932,2
0.402450151022586,2
0.4025608949607745,2
0.40267162663610134,2
0.40277399029667343,2
0.402895141905527,2
0.4029912172286541,2
0.4031102542816879,2
0.40321674910895894,2
0.4033190569868591,2
0.40342552958122707,2
0.40353616556078664,2
0.4036467893013804,2
0.40375114010382834,2
0.4038596533884651,2
0.40397441424262037,2
0.40409124812791813,2
0.40419763854119917,2
0.40429776035615766,2
0.40442915502735416,2
0.4045271683801879,2
0.40463142735958696,2
0.4047356754701844,2
0.40485242045340974,2
0.40495664552964056,2
0.4050608597441369,2
0.40517756677211636,2
0.4052755068016392,2
0.4054005226892377,2
0.40549635761989333,2
0.40559843255339884,2
0.40571091122943514,2
0.40581504687245235,2
0.4059462423445225,2
0.4060316142799041,2
0.406146126162719,2
0.4062502164965683,2
0.4063709477115624,2
0.40648125831928794,2
0.40657282769355857,2
0.4066935199679428,2
0.4068017144517942,2
0.40692237910614276,2
0.40701598820501556,2
0.40712206792506456,2
0.4072447735637505,2
0.40733419361240886,2
0.40745271484188317,2
0.4075504323075025,2
0.4076710066573267,2
0.407774938395055,2
0.40788925083185296,2
0.4079931598907381,2
0.40809498029418045,2
0.40821548900731386,2
0.4083131319686324,2
0.40842738290327735,2
0.408531236063311,2
0.40864130863863213,2
0.40875759857449223,2
0.40885518861955455,2
0.40898183383974923,2
0.40908147782019355,2
0.40919356543130864,2
0.40929111294169335,2
0.40939902676016254,2
0.4095152286195231,2
0.4096044458833303,2
0.40973307071805876,2
0.4098305656178044,2
0.4099446433255884,2
0.4100483390409744,2
0.41016446547791036,2
0.4102743584360594,2
0.41036558115223754,2
0.4104961810100072,2
0.4105915288639237,2
0.4107034473542185,2
0.41081328110126586,2
0.41091895879062823,2
0.4110349841754551,2
0.411132352234044,2
0.41125249549466936,2
0.41135398458830363,2
0.4114658177829974,2
0.4115714265399252,2
0.4116790945746321,2
0.4117908914191791,2
0.411881975904242,2
0.41199995938048267,2
0.41209723353119565,2
0.41221105297023003,2
0.41231244483227497,2
0.4124200331168422,2
0.41253174716210333,2
0.4126289695998774,2
0.4127530696163765,2
0.412854406540019,2
0.4129619365347873,2
0.41306738741493465,2
0.4131831638094976,2
0.4132885913648439,2
0.4133836733524599,2
0.41350561310404,2
0.4136048073574675,2
0.41371845534431584,2
0.4138134964703354,2
0.41392712074390786,2
0.4140427976501754,2
0.4141398732979992,2
0.41425139538878225,2
0.4143567103891429,2
0.4144682083017697,2
0.4145714360263506,2
0.4146767173287982,2
0.41479024356741406,2
0.4148851828888757,2
0.41500693969528313,2
0.4150997950916412,2
0.41521533643390623,2
0.41532467576657073,2
0.4154360658113038,2
0.41554950588155204,2
0.4156443731499409,2
0.41575985159168766,2
0.4158732549396822,2
0.4159804608245633,2
0.4160773485637019,2
0.41617422691651584,2
0.41630200953784086,2
0.4163968054484988,2
0.4165080761392955,2
0.41660491277493683,2
0.4167244003792701,2
0.4168273954767946,2
0.4169262607914212,2
0.41704365065875093,2
0.41714867201833866,2
0.41726603578127924,2
0.4173710337895017,2
0.4174719038452819,2
0.41757893849167577,2
0.41768184561808513,2
0.41780943574936724,2
0.4179020312951763,2
0.41800901991539247,2
0.41812422562972335,2
0.4182270766603814,2
0.418331973814988,2
0.41842657749760964,2
0.41854584764669495,2
0.41864865532446277,2
0.4187535082683052,2
0.4188583502191604,2
0.4189734581329566,2
0.41908649765272066,2
0.4191769200693214,2
0.4192940460446061,2
0.41939472232217545,2
0.4195056599506893,2
0.4196145312125839,2
0.4197172290858013,2
0.41983018456605925,2
0.41993491370272484,2
0.42004579142319237,2
0.4201484450187248,2
0.42026545726511355,2
0.42037629834375184,2
0.420478918018907,2
0.4205835792398654,2
0.42067797016199104,2
0.420796972105146,2
0.42090160004520977,2
0.42101442183101107,2
0.42111492506514614,2
0.421217468974538,2
0.4213282045872241,2
0.42142252525295176,2
0.4215475889382086,2
0.42164393881543705,2
0.42175462721540574,2
0.42186325391780055,2
0.4219657211232612,2
0.42208252093159637,2
0.4221788192844567,2
0.4223017398779082,2
0.4223918720445008,2
0.4225127183373805,2
0.42261307110817414,2
0.42273184300688244,2
0.4228280788544004,2
0.42293249451070153,2
0.4230532754929616,2
0.4231433399505171,2
0.42325181591449906,2
0.42335414094390433,2
0.42346873254773926,2
0.42356694347214674,2
0.423656961680436,2
0.4237797007251075,2
0.4238778811152897,2
0.42399854797367004,2
0.4240926171186509,2
0.4242030348248556,2
0.4243113959045243,2
0.42440543562615424,2
0.4245280828438514,2
0.4246200583865975,2
0.424736548597975,2
0.4248428085344008,2
0.4249408846088211,2
0.42505733745525437,2
0.42514926433463646,2
0.4252718203633209,2
0.42537393891487835,2
0.42548217319523124,2
0.4255781447387213,2
0.42569044016974233,2
0.42580884714690975,2
0.4258986637781524,2
0.42600888225577954,2
0.4261150070872528,2
0.4262313232919657,2
0.42632518264583347,2
0.4264373942239418,2
0.42654959321202474,2
0.4266495417080359,2
0.4267637563296712,2
0.42685960496232106,2
0.4269717565914411,2
0.42707777929263174,2
0.4271817521782278,2
0.4272938676858566,2
0.42738558920715286,2
0.42749768186509923,2
0.4276077242519074,2
0.42771775453072103,2
0.4278135117719262,2
0.42792351941145645,2
0.42803962545918434,2
0.4281312786070759,2
0.42823921487590527,2
0.42833695842541797,2
0.42845505246913584,2
0.4285548107081804,2
0.4286606657113532,2
0.42877058020206094,2
0.4288662366854556,2
0.42898833805009,2
0.42909007779989805,2
0.42919587616052896,2
0.4292996290659578,2
0.42940337120783784,2
0.4295193055728456,2
0.4296148904660311,2
0.4297226667266857,2
0.42983043137286947,2
0.42993818440708564,2
0.43003576204236915,2
0.4301475580452703,2
0.43025730923536776,2
0.43035079149006533,2
0.43045645656033954,2
0.43056617385555257,2
0.43067384764470734,2
0.43077744732750056,2
0.43088103627851143,2
0.4309947686501164,2
0.4310942738655917,2
0.4312039212073627,2
0.4313115263534288,2
0.43142317982987577,2
0.43152264242745403,2
0.4316261542172348,2
0.43174183118638365,2
0.43183923299326427,2
0.4319528564452668,2
0.43206038103654887,2
0.4321618087328882,2
0.4322693108602155,2
0.4323646332680506,2
0.4324863082459443,2
0.4325734995406585,2
0.4326910943617558,2
0.43279448527986797,2
0.43290191941828376,2
0.43300528854242376,2
0.43310054082424393,2
0.43322415259832153,2
0.43332343623656083,2
0.43343081356566304,2
0.43353615370298626,2
0.43364148274493375,2
0.4337528763909528,2
0.43384603245780895,2
0.43396752733087474,2
0.43405661419062197,2
0.43416593721800684,2
0.4342732241245526,2
0.4343784755642669,2
0.43448371592728124,2
0.4345768039400409,2
0.4346961867512836,2
0.4347933012371995,2
0.43489242921453364,2
0.4349996382104826,2
0.4351108806777125,2
0.43521806625751225,2
0.4353131080102346,2
0.43543442478262934,2
0.4355294459754594,2
0.4356386081157117,2
0.43573765233903844,2
0.43585083372648004,2
0.43595996079090865,2
0.43604887033560896,2
0.4361660572043482,2
0.4362610089053176,2
0.436374131077384,2
0.43648118134768726,2
0.4365821616646896,2
0.43669322823709744,2
0.43678409171276883,2
0.4369153243814119,2
0.4370081863260482,2
0.43711315031542197,2
0.437216085065982,2
0.4373311172498939,2
0.4374360473504001,2
0.437520790548296,2
0.43764183980338567,2
0.4377507716061332,2
0.43785364074759936,2
0.4379484323523611,2
0.4380553142348746,2
0.4381682336246653,2
0.4382650115255071,2
0.4383779072402267,2
0.43847063347214105,2
0.43858753690197894,2
0.4386923352559346,2
0.4387991376625158,2
0.43889786936322955,2
0.43899659131695673,2
0.4391134332802764,2
0.4392040771235567,2
0.4393108248917738,2
0.4394135336852472,2
0.4395262998184751,2
0.4396269731216108,2
0.4397215967862546,2
0.43983634113295683,2
0.4399369832296179,2
0.44005371537375776,2
0.44015031098235496,2
0.44026299406733466,2
0.44036962886438186,2
0.4404661939634161,2
0.4405808529084983,2
0.4406814201075855,2
0.44078801029756776,2
0.4408965999394292,2
0.44099512478134134,2
0.4411016815405083,2
0.44119616577226595,2
0.44131074105488477,2
0.4414072153224585,2
0.44151975687251566,2
0.44161621097852105,2
0.4417307381472032,2
0.44183520763316775,2
0.4419296225869595,2
0.44204411386917597,2
0.4421485506237783,2
0.4422590007079832,2
0.44235538354066883,2
0.4424638031245645,2
0.4425782332675965,2
0.4426745853381364,2
0.4427869843547634,2
0.44288732994506036,2
0.4429896720748894,2
0.4430899973294486,2
0.44319633111128964,2
0.44330465956326165,2
0.44339693010054215,2
0.4435072423947586,2
0.44360952110433105,2
0.4437178048077397,2
0.44382607678705716,2
0.4439223087060561,2
0.4440385765873852,2
0.44412877511440435,2
0.4442430149038463,2
0.44435323390912124,2
0.44445943345817335,2
0.4445536009822682,2
0.44465977925568895,2
0.4447759614294678,2
0.4448660934729726,2
0.44498024906717126,2
0.4450783724082896,2
0.4451804905590787,2
0.44528860429483397,2
0.4453766883270575,2
0.4454867824576504,2
0.44558485611104265,2
0.44569492732723054,2
0.4457969825391887,2
0.4459010281112431,2
0.44600106172262,2
0.44610708642647523,2
0.44621910031631473,2
0.44631310229042537,2
0.44641509443711846,2
0.4465290733511429,2
0.44663104347398525,2
0.44673500230638136,2
0.4468309547140607,2
0.44695088227795593,2
0.44704681397466145,2
0.44715072959527113,2
0.4472526363506782,2
0.4473605263030316,2
0.4474664069756126,2
0.447562289232275,2
0.4476721430169981,2
0.4477700025885912,2
0.4478778367397712,2
0.4479836626562377,2
0.4480834881613377,2
0.44818529991149975,2
0.44829308929115647,2
0.44840485859942086,2
0.44849665975817565,2
0.4486004248341369,2
0.4487081694794321,2
0.448819892406689,2
0.4489216292136573,2
0.4490153774995785,2
0.44912706611184394,2
0.4492327599169891,2
0.44933445473094025,2
0.44943414549028765,2
0.44954379384811427,2
0.4496534301844966,2
0.449741130599934,2
0.4498607096817091,2
0.4499503846101537,2
0.4500699386736398,2
0.45015959484229345,2
0.45026318751599353,2
0.45036477760009186,2
0.45046436570377757,2
0.4505858497611361,2
0.4506774509297124,2
0.45078098997398025,2
0.45088451829902426,2
0.45099798895852,2
0.45110547560241276,2
0.45119503898100216,2
0.45132041423627045,2
0.4514139379202166,2
0.4515193903060749,2
0.45161289538376714,2
0.4517163376233044,2
0.45182971394030674,2
0.4519291562678164,2
0.45203654287561645,2
0.4521319879579804,2
0.45224332904156345,2
0.45234471817213906,2
0.4524421215763658,2
0.45255144062810204,2
0.4526428619313167,2
0.4527601074564974,2
0.452859457311131,2
0.45297071743144646,2
0.4530740193173936,2
0.4531792967981411,2
0.45329052134074554,2
0.4533858468177431,2
0.4535049908868923,2
0.45359632506082814,2
0.4537035327957704,2
0.45379683387743586,2
0.4538960807919308,2
0.45400722564355767,2
0.4540945450759574,2
0.45421162053122205,2
0.4543108262899992,2
0.4544219250569172,2
0.454515159139001,2
0.45462425181532107,2
0.45473134941108245,2
0.45482455465007754,2
0.4549375791358621,2
0.45503274774298275,2
0.455133854465179,2
0.4552448618373719,2
0.45534792907892796,2
0.45545296745271335,2
0.4555480870260152,2
0.4556570670817822,2
0.45576207299093763,2
0.45585914411740536,2
0.45595422506503797,2
0.45606316087125576,2
0.45617010448236817,2
0.45626317572451064,2
0.45636613807008386,2
0.45647304928636007,2
0.4565779695520037,2
0.45667892017041195,2
0.45678183972106107,2
0.45688079083928934,2
0.4569836896166657,2
0.4570944918446953,2
0.4571874770967078,2
0.45729627864773176,2
0.45739320096852354,2
0.45750593552326724,2
0.45760679251111047,2
0.4577056620370327,2
0.45781440722640093,2
0.45792314059153877,2
0.45802593217378945,2
0.4581208073339624,2
0.45822357860078783,2
0.45834214770893134,2
0.4584290894540649,2
0.45852985338303454,2
0.45863258262243467,2
0.4587392518176575,2
0.4588399844998688,2
0.45894070703602907,2
0.45904339407958145,2
0.4591460705795877,2
0.4592507107802765,2
0.4593533659970285,2
0.4594560106767685,2
0.4595625920784147,2
0.459665215285559,2
0.4597836135933908,2
0.4598664840688582,2
0.4599671032716247,2
0.4600775754416275,2
0.46018409062014115,2
0.46028665007019676,2
0.46038131099680074,2
0.4604937092099848,2
0.46059032213824985,2
0.46069481132913526,2
0.4607953472249701,2
0.46089981499626503,2
0.46100427185518444,2
0.4610988648786254,2
0.46121118247349185,2
0.46130575592758183,2
0.46140820041064207,2
0.4615126041814859,2
0.4616189666254012,2
0.46172531775755016,2
0.4618198426028853,2
0.46193798609617137,2
0.46203445959605866,2
0.4621387980069613,2
0.4622431255324956,2
0.46234350589542533,2
0.46244978000400366,2
0.4625403008927444,2
0.4626642618589723,2
0.46275082865908457,2
0.4628570594909129,2
0.4629514774240957,2
0.46305572020365676,2
0.46316585171258945,2
0.46325630780801536,2
0.46337624783814424,2
0.46346865083717875,2
0.46357283972189167,2
0.4636789832713137,2
0.46377725429107247,2
0.4638873063693991,2
0.46397966215933767,2
0.4640975507743812,2
0.4641859581161774,2
0.46429400092087736,2
0.46439810385323654,2
0.4645002320477774,2
0.46460038610837184,2
0.4646887490089711,2
0.4648085173653328,2
0.46490078811920127,2
0.46500090207252,2
0.46509904327816526,2
0.4652050249630591,2
0.46531295772693937,2
0.46539733341070233,2
0.4655170169362116,2
0.4656092223424565,2
0.4657229960192738,2
0.46581910507370317,2
0.4659269715821396,2
0.466026982858004,2
0.4661269841326134,2
0.46624265940676046,2
0.4663289170033636,2
0.4664406487375465,2
0.4665366888471062,2
0.46663467945184534,2
0.46674441753067686,2
0.4668306318595518,2
0.4669521030720033,2
0.4670422173408752,2
0.4671440758673054,2
0.4672420069748084,2
0.467357553347711,2
0.4674554635523823,2
0.467539658661871,2
0.46765321293016515,2
0.4677510941924418,2
0.4678626671460991,2
0.46796248502747906,2
0.46805837909787407,2
0.4681718744818648,2
0.4682618789038819,2
0.4683773075011515,2
0.4684653373061442,2
0.46857683060248057,2
0.4686804886561686,2
0.46878609147234174,2
0.4688877725341361,2
0.46897184714160123,2
0.46909501345440197,2
0.4691947084074764,2
0.46929243890983036,2
0.4693823425371113,2
0.46948787126545133,2
0.46960315844300704,2
0.46968717292871687,2
0.46980048361305865,2
0.4699001082626234,2
0.47000558236882817,2
0.47009932779148356,2
0.4702028281543155,2
0.47031022286610785,2
0.470405892077193,2
0.47051716923649944,2
0.4706167225156423,2
0.4707143141493842,2
0.47081775088376404,2
0.4709250795799502,2
0.47102654339062777,2
0.4711123893440193,2
0.4712196864233981,2
0.4713211203480612,2
0.47142644468861367,2
0.4715239573360814,2
0.4716214604757596,2
0.471738451695702,2
0.47182423655901556,2
0.47192755855626317,2
0.4720289207077225,2
0.4721361194962841,2
0.47223746051083326,2
0.4723329455309626,2
0.4724459568341616,2
0.4725336292200465,2
0.47265246173938696,2
0.47274790714322756,2
0.4728491861806959,2
0.47295240233781627,2
0.4730439247350659,2
0.4731529617629804,2
0.47325225299885815,2
0.47335542756349946,2
0.4734605378710246,2
0.47355785237991604,2
0.47365515741961534,2
0.47375050717328643,2
0.4738691951844773,2
0.47395479746466296,2
0.4740598447944177,2
0.47416488109038973,2
0.4742640719073463,2
0.4743613082559258,2
0.4744682573200776,2
0.4745771391619993,2
0.4746704570201888,2
0.47478126066749177,2
0.47487844674196994,2
0.4749853405158982,2
0.47508833643404724,2
0.47518160660281733,2
0.4752865251453229,2
0.47537783417691803,2
0.4754846745856164,2
0.4755876190898789,2
0.4756905529976615,2
0.4757876507460409,2
0.475888622404159,2
0.47600123261181077,2
0.47608277001908295,2
0.47618953514270684,2
0.4762904662320912,2
0.4763933278222086,2
0.47649423834570936,2
0.47658349685976953,2
0.4767037892091273,2
0.47679690883299125,2
0.4768997183454834,2
0.47699088020342517,2
0.4770956091011329,2
0.47720420526314106,2
0.47729340043192453,2
0.47741360742074834,2
0.47749696829876115,2
0.4775977675203664,2
0.4777043710261721,2
0.47779933548724757,2
0.47790397975496873,2
0.4779931125318626,2
0.4781151727929713,2
0.4782004123937915,2
0.4783069516783163,2
0.4783999221428288,2
0.4785161230698556,2
0.4786148832424758,2
0.47870008026063166,2
0.4788181823028695,2
0.47890916944567463,2
0.47901176203799867,2
0.4791066024303993,2
0.4792091747705999,2
0.4793233467001036,2
0.4794142878931406,2
0.47952456718038394,2
0.4796096867347182,2
0.4797199444768095,2
0.47982245392759376,2
0.4799249528712673,2
0.48002550766307794,2
0.48010865110393014,2
0.4802323866811598,2
0.4803232452463336,2
0.4804237599979245,2
0.48051653387905113,2
0.48062089420830595,2
0.48072910823256265,2
0.48081026106658004,2
0.48092425035364256,2
0.48102084127378486,2
0.48113094354345154,2
0.48122365184264887,2
0.48132600727293534,2
0.48143028316386444,2
0.4815287559666249,2
0.4816330107189985,2
0.48172374212033003,2
0.48183183687320713,2
0.481930270143732,2
0.4820248341602642,2
0.48213482594958457,2
0.48222165302772463,2
0.4823374107392468,2
0.4824261492442928,2
0.48252838167270096,2
0.4826248177799972,2
0.4827366720147608,2
0.4828330880384073,2
0.48293142280667195,2
0.48304324275353905,2
0.48313577394432733,2
0.48323986130069874,2
0.4833343015639297,2
0.48344029531810606,2
0.48354820468975435,2
0.48363298245645037,2
0.48375628274289445,2
0.48383911658499695,2
0.48395083508531156,2
0.4840452082310215,2
0.48415305235015516,2
0.4842474064148153,2
0.4843359755989584,2
0.4844534139415571,2
0.4845400399453901,2
0.4846459059826057,2
0.4847479117431325,2
0.4848441340552365,2
0.4849480437539534,2
0.4850384748892625,2
0.4851519832500446,2
0.4852481666911776,2
0.48535780453057564,2
0.4854501218097433,2
0.4855481995816488,2
0.4856597273194819,2
0.4857520167314523,2
0.48585583214005934,2
0.48595387013082036,2
0.48604805444189797,2
0.4861537609603409,2
0.4862517697485407,2
0.4863574547362788,2
0.48644391596471603,2
0.4865668701701929,2
0.48665331329499295,2
0.48674743175563,2
0.48684922338441283,2
0.4869433234089675,2
0.487054695668941,2
0.48713725675218933,2
0.48724860741666454,2
0.4873503480453367,2
0.48745591699971663,2
0.4875537982544789,2
0.4876459130372396,2
0.4877629633315821,2
0.4878473845474512,2
0.48794330909711103,2
0.4880411426592803,2
0.4881428026909591,2
0.48825020583644024,2
0.488340338859419,2
0.4884496382218523,2
0.48854358777484624,2
0.4886528649257736,2
0.4887525459465898,2
0.48884455037820157,2
0.48894996171730104,2
0.4890381153960495,2
0.48915691892963625,2
0.48924122255301766,2
0.48933701349893066,2
0.4894481195018341,2
0.4895515519260759,2
0.4896492282822509,2
0.48973732034234063,2
0.48986369974496413,2
0.48994985836303306,2
0.49005323890690683,2
0.49014895210429843,2
0.49024657012887424,2
0.490357575126127,2
0.4904475184140741,2
0.4905546743241121,2
0.4906445998868532,2
0.490757473721766,2
0.49084738105032594,2
0.49094684357025253,2
0.4910386463473509,2
0.49113617756458927,2
0.4912509079960058,2
0.4913331233754904,2
0.4914420961352761,2
0.4915434110306597,2
0.4916447156623748,2
0.4917460100325013,2
0.4918434722874537,2
0.4919562108897481,2
0.4920440999661479,2
0.4921549056188779,2
0.49224468740145044,2
0.492342101068665,2
0.492447144389582,2
0.492533080718454,2
0.49264765100363017,2
0.4927450254265012,2
0.49285193544082584,2
0.492947381153286,2
0.4930485436633096,2
0.493142062163341,2
0.4932432049818578,2
0.493348153695426,2
0.49343592052572594,2
0.49354657207267116,2
0.49364767398825704,2
0.4937506729755248,2
0.4938670109240457,2
0.49396235980567577,2
0.49406532638739054,2
0.49417209534899226,2
0.49427504033833103,2
0.49437035032460247,2
0.49446946307496703,2
0.4945628487933092,2
0.49466575356646647,2
0.49475531021348734,2
0.4948601003617852,2
0.4949629745524559,2
0.49505440939376594,2
0.4951401219652812,2
0.49523915845459476,2
0.49533247232538863,2
0.49545053045963583,2
0.495564766997936,2
0.4956542431721087,2
0.4957570357026087,2
0.49585601111681604,2
0.495945461236539,2
0.49603680629255126,2
0.49615287859621265,2
0.49624800978218964,2
0.49634883895957566,2
0.4964496579714635,2
0.4965409569853073,2
0.49664746196736875,2
0.496729234880232,2
0.49682240981624176,2
0.49691367480610427,2
0.49702204116434967,2
0.4971208914594603,2
0.4972026256693594,2
0.49732046323611195,2
0.4974040814732982,2
0.49752379541412955,2
0.49760929659837305,2
0.49770048980454246,2
0.49780497179716604,2
0.4979056441173968,2
0.49800440711098326,2
0.4980860691422673,2
0.4982057014723825,2
0.4982968403091722,2
0.4983955646765146,2
0.49849997407535374,2
0.4985948822517644,2
0.4987087601747542,2
0.4987922624103852,2
0.49889283539182316,2
0.4989877062915741,2
0.4990844653379089,2
0.4991831119819163,2
0.49928364566410394,2
0.49938416924028645,2
0.4994695115150132,2
0.49958518608276115,2
0.4996724072358421,2
0.4997766834123377,2
0.4998752617983482,2
0.49998520315043427,2
0.5000837609840613,2
0.500174728825097,2
0.5002922167069257,2
0.5003831655880329,2
0.5004854731929874,2
0.5005764045001309,2
0.5006692216816048,2
0.500782863641369,2
0.5008699803987112,2
0.5009760253391414,2
0.5010574450721107,2
0.5011653633383286,2
0.5012562328459921,2
0.5013603440065185,2
0.501458766409051,2
0.5015420393380161,2
0.5016707202266218,2
0.5017501913275654,2
0.5018504672757065,2
0.5019507331695899,2
0.5020509890112319,2
0.5021606914340631,2
0.5022457970927898,2
0.5023516962428589,2
0.5024500211272646,2
0.5025521175063351,2
0.5026390802749819,2
0.5027354866790882,2
0.5028432240155665,2
0.5029320513343722,2
0.5030340985142735,2
0.5031361352816106,2
0.5032324937806465,2
0.503325064769909,2
0.503417627190577,2
0.5035252910640682,2
0.5036178349540184,2
0.503727365634049,2
0.5038274435249438,2
0.5039293993781477,2
0.5040237936783124,2
0.5041332799048656,2
0.5042427541454976,2
0.5043427804732653,2
0.5044446838010632,2
0.504540916298852,2
0.5046409128084911,2
0.5047390128744099,2
0.5048352170537069,2
0.5049295258925899,2
0.5050106243810906,2
0.5051124596795559,2
0.5051973145071393,2
0.5052953600078722,2
0.505391510681708,2
0.5054876521114804,2
0.5055988630193118,2
0.505681791917253,2
0.5057835588935802,2
0.5058815469353488,2
0.5059795253764018,2
0.5060869137938162,2
0.5061792209355347,2
0.5062828208440826,2
0.5063713431710722,2
0.5064749231787168,2
0.5065822584121752,2
0.5066707542373953,2
0.5067705380079301,2
0.5068533698010788,2
0.5069625466827944,2
0.5070547730364461,2
0.5071507546983763,2
0.5072542540101984,2
0.5073520980543965,2
0.5074499325260743,2
0.5075383516024535,2
0.5076455727593598,2
0.5077358553439106,2
0.5078411747250309,2
0.5079408417807322,2
0.5080329779580676,2
0.5081288657806695,2
0.5082341437804848,2
0.5083412903636921,2
0.5084239921561126,2
0.5085292390918325,2
0.5086269584719184,2
0.5087246683038601,2
0.5088242473476265,2
0.5089163021710356,2
0.5090346459222008,2
0.5091172903951171,2
0.5092168303515707,2
0.5093088490445759,2
0.5094083699360648,2
0.5095153907855181,2
0.5095979955387177,2
0.5097031189931712,2
0.5097894621358899,2
0.5098945654656977,2
0.5099977811988698,2
0.5100878516790813,2
0.5102004283720722,2
0.510292356604329,2
0.5104161649491695,2
0.5104893172212835,2
0.510596222455522,2
0.5106974905572816,2
0.5107949982970358,2
0.5108887467736917,2
0.5109656139669053,2
0.5110855899718483,2
0.5111793112112114,2
0.5112823944303856,2
0.5113723492843538,2
0.5114716650363823,2
0.511572844527011,2
0.5116496591555519,2
0.5117620601725247,2
0.5118519718905172,2
0.5119549857965491,2
0.5120504983008005,2
0.5121441291556061,2
0.5122527299653507,2
0.5123444697352605,2
0.5124586646286264,2
0.5125428984054847,2
0.5126327399475256,2
0.5127375448794421,2
0.512821755169428,2
0.512935895575349,2
0.5130182182728859,2
0.5131342069360595,2
0.513214642786174,2
0.5133156460857011,2
0.51341102872445,2
0.5135120121912982,2
0.5136185947887048,2
0.5137083397448181,2
0.5138242483939763,2
0.513908367225896,2
0.51402051466251,2
0.05381324165176169,10
0.05390207605560801,10
0.05400274550754784,10
0.05405011586082121,10
0.05414484983604806,10
0.05423957483759896,10
0.05428693397377727,10
0.05437868591802083,10
0.054470429444617656,10
0.054514818452131124,10
0.054609508416545174,10
0.05470418941561878,10
0.05475448505041206,10
0.05484619410792899,10
0.054893524524534346,10
0.054985220832343126,10
0.055079866266954616,10
0.055124228231013914,10
0.05521886051074657,10
0.055313483836058226,10
0.055363748836105973,10
0.055464271257125275,10
0.05555887136480343,10
0.05560025609798118,10
0.05569188762697657,10
0.055786466205590135,10
0.055836707437397486,10
0.05593127232079852,10
0.056025828262527944,10
0.0560731028807941,10
0.05617059972330322,10
0.05621786749821095,10
0.05631239634582719,10
0.056403962646538665,10
0.056445312421335866,10
0.05653981977230629,10
0.056637271124225494,10
0.05668746962979698,10
0.05677900159444698,10
0.05687347741608784,10
0.05691775988510842,10
0.057006318940772537,10
0.057094870154424784,10
0.05714504569503986,10
0.05723948694232476,10
0.05728670422149673,10
0.05738408281923344,10
0.057475551046628104,10
0.057522757181074136,10
0.05761716276523454,10
0.057708609676678936,10
0.057755804810869255,10
0.05784723904538518,10
0.05794456307697717,10
0.057994696002966396,10
0.05808905704607978,10
0.05818340918602681,10
0.058233530139691625,10
0.05832786864992066,10
0.05837208676314098,10
0.05846346466832197,10
0.058551886949615495,10
0.05860198943868815,10
0.058702186886684014,10
0.05879942775090787,10
0.05884362501805072,10
0.05893495984717802,10
0.059026286335016366,10
0.05907931079108612,10
0.05917062409741303,10
0.05926192906638112,10
0.05930610589740751,10
0.059403288056606614,10
0.059453347907585934,10
0.059547571417599164,10
0.05963884197746009,10
0.05968300216117384,10
0.059774260361595916,10
0.059868453640386406,10
0.05992143346097389,10
0.06001561287872038,10
0.06010684073211858,10
0.06015098025421243,10
0.060239253453937845,10
0.060327518862193244,10
0.06037164864494949,10
0.06046578567323069,10
0.06050990935485901,10
0.060606974601900176,10
0.060704030428193376,10
0.060754025208160575,10
0.06084812624922277,10
0.060939278189278606,10
0.06098338098407986,10
0.06107746044601472,10
0.06117153105783703,10
0.061215623611052865,10
0.0613096812272907,10
0.06140372999752539,10
0.0614507510659116,10
0.06154184809459512,10
0.06158592432297001,10
0.06167994711769055,10
0.061771023270638145,10
0.061820964736313024,10
0.06191202804740846,10
0.06200602018738495,10
0.06205007596200273,10
0.06214111841281102,10
0.062232152575645794,10
0.062282071017730936,10
0.06237602838464505,10
0.06246997692440153,10
0.06251401226423671,10
0.06260794784211231,10
0.0626578475290755,10
0.0627547045198044,10
0.06284568284501499,10
0.06288970164398383,10
0.06298360193954532,10
0.06307749341866914,10
0.0631273696815391,10
0.06322124766370082,10
0.06331218355542646,10
0.06335618182483517,10
0.06344710544758814,10
0.06353802080398774,10
0.06358494162511061,10
0.06367877666318264,10
0.06372275880643957,10
0.0638283080584572,10
0.06391625725905566,10
0.06396022895887675,10
0.0640569598930653,10
0.06414781982375174,10
0.06419764273262861,10
0.06428848988236187,10
0.06438225892926822,10
0.06442621014342757,10
0.06451703653177858,10
0.06456684104905878,10
0.06465472532310337,10
0.06474553095955939,10
0.06479532409836804,10
0.06488904563418114,10
0.06498275838709111,10
0.06502668321707249,10
0.06512331105211326,10
0.06521700185496558,10
0.0652667715238758,10
0.06535752160261243,10
0.06545119046568727,10
0.06549509472513923,10
0.06558875070338605,10
0.06563557540342375,10
0.06572921822635507,10
0.06582285228112916,10
0.06586966602097045,10
0.06596036140595397,10
0.06605104856603079,10
0.06610077674304994,10
0.06619437601538392,10
0.06628796652771404,10
0.06633183406530459,10
0.0664254117143514,10
0.06651605671205221,10
0.06656283801240556,10
0.06665639404815372,10
0.06669732206163051,10
0.06678794241648592,10
0.06688147739571335,10
0.06693116429518796,10
0.06702468587974555,10
0.0671152765749743,10
0.06715910783631353,10
0.06725260810665586,10
0.06734317815753915,10
0.0673899207809775,10
0.06748047839686173,10
0.06757686942906534,10
0.06762360113069182,10
0.0677199783687993,10
0.06776670338333625,10
0.06785722688665774,10
0.06795066190850775,10
0.06799445656994552,10
0.06809079807437812,10
0.06818129224559344,10
0.06822507680803941,10
0.06832139609780298,10
0.06841186940459099,10
0.06845856210244529,10
0.06854610503501435,10
0.06863947571668814,10
0.06868324022280539,10
0.06877659810154879,10
0.06882619092985252,10
0.0689195354645978,10
0.06901287128695413,10
0.06905953593149455,10
0.06914994248398985,10
0.0692374249146575,10
0.06928407908190355,10
0.06938029642821598,10
0.06947650451764135,10
0.0695202324077339,10
0.06961351218299727,10
0.06970678325795572,10
0.06975341553332765,10
0.06984375937915185,10
0.06988747121326366,10
0.06997488914973153,10
0.07006812652633237,10
0.07011765534701757,10
0.07021087941404326,10
0.07030409479115238,10
0.07034778650822925,10
0.07044098912496018,10
0.07053127087689509,10
0.07058077676446589,10
0.07066813411724422,10
0.07076130688291224,10
0.07080789001051174,10
0.07090396085846917,10
0.07095053734142903,10
0.07104368379974783,10
0.07113391115819949,10
0.07118338722125372,10
0.07127360197608344,10
0.07136380859294555,10
0.07140745403484076,10
0.07150055794469032,10
0.0715965622736866,10
0.07164601545244519,10
0.07173618848291631,10
0.071823444964674,10
0.0718670703505838,10
0.07196013148018042,10
0.07200956668299839,10
0.072102614553287,10
0.07219856110241045,10
0.07224507732785962,10
0.07233810328798368,10
0.07242530726686582,10
0.0724718129463804,10
0.07256191154627994,10
0.07265490803863572,10
0.07269849716751367,10
0.07279148095934367,10
0.07288155076350263,10
0.0729309404378749,10
0.07302390261976426,10
0.07311104681732301,10
0.07315171151078956,10
0.07324465317253719,10
0.07329112076430441,10
0.07338985722805103,10
0.07348277675980344,10
0.07352923328811553,10
0.07361923667056136,10
0.07370923195312755,10
0.07375277515016304,10
0.07384275841623886,10
0.07393273358605523,10
0.07398207137140814,10
0.0740778377711146,10
0.07417359500049574,10
0.07421711798281343,10
0.07430996068123707,10
0.07435637879823657,10
0.07444920856881063,10
0.07453912919216606,10
0.0745826362685989,10
0.07467544503909432,10
0.07476824519692117,10
0.07481754177821323,10
0.07491032875098882,10
0.07500020792155167,10
0.07504079586693736,10
0.07513356212791479,10
0.07522631978411147,10
0.07527559378961983,10
0.07536833827283868,10
0.07540891127962274,10
0.07550164339977727,10
0.07559726439300463,10
0.07564362279561816,10
0.07573343608543805,10
0.07582324130955508,10
0.07586669255509187,10
0.07595938223590021,10
0.07605206332612786,10
0.07610129666173972,10
0.07619106885761354,10
0.07627793750358867,10
0.0763213689969295,10
0.07640822632513687,10
0.07645744212921,10
0.07655297177604016,10
0.07664559787061392,10
0.07669190770075185,10
0.07678452092772334,10
0.0768771255782793,10
0.07692053105634682,10
0.07700733636078413,10
0.07709702725996669,10
0.07714620917665374,10
0.07723878034080223,10
0.07733134293632347,10
0.0773747287037739,10
0.0774643866587359,10
0.07751355051174587,10
0.07760897932698288,10
0.07769572489361595,10
0.07773909485529816,10
0.07783161115413396,10
0.0779270096234946,10
0.07797615073799605,10
0.07806575478931518,10
0.0781582408731157,10
0.07820159078057043,10
0.07829695396265209,10
0.0783923080514642,10
0.07843853706422307,10
0.07853098867886968,10
0.07857143357270725,10
0.07866387290224129,10
0.07875052701374426,10
0.07879673946974243,10
0.07888627002643671,10
0.07897868025862562,10
0.07902199461546472,10
0.07911439230674314,10
0.07920678146147696,10
0.0792558597283311,10
0.07934823581453748,10
0.07944060336819075,10
0.07948389772218081,10
0.07957625274650408,10
0.07962242706031858,10
0.07971765484959094,10
0.07980710299785759,10
0.07985326665379643,10
0.07994558757291673,10
0.08003501533625826,10
0.08007828396376972,10
0.08017058411238079,10
0.08025999175794758,10
0.08030901836354266,10
0.08040418079579331,10
0.08049068424012606,10
0.08053104995349453,10
0.08062042537790719,10
0.08066943431628248,10
0.08076456245828528,10
0.08085679928794025,10
0.08090003237336259,10
0.08099513858257291,10
0.08109023574745237,10
0.08113922166689184,10
0.08122854275465147,10
0.081323617727101,10
0.08136683063566778,10
0.08146189246193454,10
0.08155406499746462,10
0.0816001480795094,10
0.08169230787313668,10
0.08173838458511055,10
0.08183629054938991,10
0.08192267020530708,10
0.08196585723538492,10
0.08205798333304616,10
0.08215585801323239,10
0.082204791761265,10
0.08229401772607983,10
0.08238323573033236,10
0.08242640287496195,10
0.08251560906938403,10
0.082604807306771,10
0.08265084199391579,10
0.08274290501111603,10
0.08278605663297643,10
0.08288098364711857,10
0.0829701493011429,10
0.08301904322004358,10
0.08310819656529421,10
0.08320021748861656,10
0.0832433493816389,10
0.08332960758700417,10
0.08342160813907236,10
0.08347047998990219,10
0.08356821652677203,10
0.08365732092700756,10
0.08369755902156667,10
0.08378665189807544,10
0.08382975850503176,10
0.0839188396048111,10
0.08400503956578717,10
0.08405100984026663,10
0.08414007123379146,10
0.08423199725638954,10
0.08427508467070612,10
0.08436412611093853,10
0.08445028769843292,10
0.08450198108772158,10
0.08459961686614294,10
0.08469437188858882,10
0.08473743938541207,10
0.08482643966826214,10
0.08487524291225215,10
0.08496997182258158,10
0.08505895141330556,10
0.0850991331495637,10
0.08518523143367808,10
0.08527706143345563,10
0.0853258426911322,10
0.08541479062365365,10
0.08550373064514384,10
0.08554389451373318,10
0.08563569158489732,10
0.08573034848954389,10
0.08577050325749766,10
0.08585941164893086,10
0.0859110322490032,10
0.0860056630955755,10
0.08610028498799781,10
0.0861432919795077,10
0.0862321672345451,10
0.08632103459147328,10
0.08636976495064,10
0.08645862008100746,10
0.08654746731684201,10
0.086590455081098,10
0.08668788717244047,10
0.08678244453659534,10
0.08682828731307123,10
0.08691423685501308,10
0.08695434411328619,10
0.08704314731828096,10
0.08713480687184852,10
0.08718349759269561,10
0.08727228045136139,10
0.08736678257558182,10
0.08741259857281786,10
0.08750136109447632,10
0.08759297865991811,10
0.08763305870550012,10
0.08772752674316874,10
0.08782198585746998,10
0.08787064313138424,10
0.08795936500696575,10
0.0880022921210254,10
0.08809100231774844,10
0.0881825658800928,10
0.08822834451749954,10
0.08831703466422554,10
0.08840857753352904,10
0.08845434582583613,10
0.08854587612672007,10
0.08863167817572565,10
0.08868029606912188,10
0.08877466523278095,10
0.08882041677332898,10
0.08890905442694827,10
0.08899768422463004,10
0.08904628432727159,10
0.08914061896087301,10
0.08923208647139122,10
0.08927495898711414,10
0.08936069850479614,10
0.08944928828416561,10
0.08950072390963404,10
0.08958930128560157,10
0.0896750138571169,10
0.08972072422480754,10
0.08982070837026213,10
0.08986926849127205,10
0.08995781322998735,10
0.09004349422256819,10
0.09008347617357859,10
0.09017485748787682,10
0.09026623045239345,10
0.09031191380396057,10
0.09040612912601101,10
0.09050033557237096,10
0.09054315375069237,10
0.0906316388431527,10
0.09071440813236885,10
0.09076577872842163,10
0.0908599513011576,10
0.09090275408448645,10
0.09099691375939116,10
0.09108535871173856,10
0.09113100465895684,10
0.0912222903032116,10
0.0913107153252686,10
0.09135635098726469,10
0.09144761606389086,10
0.09153887281196293,10
0.09158164654604516,10
0.09167289106430888,10
0.09176412725777007,10
0.09181259310005174,10
0.09190096594227953,10
0.09194372419142126,10
0.09202923520529195,10
0.0921204388945444,10
0.09216888747137691,10
0.09226577758381692,10
0.09235411038768568,10
0.09239684926596758,10
0.09248517049317731,10
0.09257348392043657,10
0.09261906199283393,10
0.09270736359698953,10
0.09279850546221392,10
0.09284122535217398,10
0.0929408979988074,10
0.09298076427592877,10
0.0930661866612015,10
0.09316014285775305,10
0.09321138797168488,10
0.0933053305273047,10
0.09339357155630919,10
0.0934334197914647,10
0.09352164951896333,10
0.0936098714626637,10
0.09365540232405864,10
0.09374645782814221,10
0.09383750504187584,10
0.09388018056988529,10
0.093971215609904,10
0.09401957460433079,10
0.09411344127106626,10
0.09420161102349446,10
0.09424427101624873,10
0.09433811659483993,10
0.09442910995807428,10
0.09447744681479475,10
0.09456558448019887,10
0.09465655714866054,10
0.09469919773824423,10
0.09479015825291605,10
0.09488395261878577,10
0.09492658351340154,10
0.09502036508482302,10
0.09506583177195761,10
0.09515391759602183,10
0.09524199566165725,10
0.09528745227332915,10
0.09538120000960312,10
0.09546925805979904,10
0.09551470434230104,10
0.09560559071168036,10
0.09569362900555499,10
0.09573622539764721,10
0.09582425219192428,10
0.09591227123816708,10
0.09596053645840069,10
0.09605422111874155,10
0.0960996408252246,10
0.09618763563642596,10
0.09627562270522201,10
0.09632387039182574,10
0.09641468325212431,10
0.09650548786619614,10
0.09654804969079962,10
0.09663884219594068,10
0.09672962645855111,10
0.09677785224602373,10
0.09686862389015909,10
0.0969565510638252,10
0.09700192980616103,10
0.09709551695926569,10
0.09713805367909549,10
0.09722879263452552,10
0.09731668814666551,10
0.09736488563161666,10
0.09745560400781993,10
0.09754347958739476,10
0.09758599725703604,10
0.09767102717344618,10
0.09776171778249577,10
0.09781272763591026,10
0.09790623894305384,10
0.09799407493348244,10
0.09803657344958232,10
0.09812439799319893,10
0.09817255656522159,10
0.09825753662328578,10
0.09834534176390841,10
0.09838499317139686,10
0.0984756190564773,10
0.09856906839921421,10
0.09861720556182092,10
0.09870214784359156,10
0.09879274499210827,10
0.09883804048861117,10
0.09892579467503766,10
0.09901071074970161,10
0.09905316608315926,10
0.09914939149976218,10
0.09924560765792519,10
0.09929088264689724,10
0.09937293834012281,10
0.09941254902369533,10
0.09950308183765846,10
0.09959643521846225,10
0.09964452295312903,10
0.0997293780207246,10
0.09981705402682767,10
0.09986230315154752,10
0.09995279525900078,10
0.10003762417326982,10
0.10008569069734838,10
0.10017616259316384,10
0.10026662630455582,10
0.1003090283522984,10
0.10039948004550268,10
0.10044752917999175,10
0.10053796834699562,10
0.10062274763829152,10
0.10066513458876872,10
0.10075272859343885,10
0.10084596539378901,10
0.10089399308034695,10
0.10098721671119226,10
0.10107478250917752,10
0.10111715030401076,10
0.10120470472549425,10
0.10129225148187235,10
0.10134025773963845,10
0.10142779263011327,10
0.10147014547164232,10
0.10156331540944123,10
0.10165929960035405,10
0.10170446544369281,10
0.1017919684604856,10
0.10187664150966914,10
0.10191615314585124,10
0.10200645959520413,10
0.10210522293715359,10
0.10215036864493318,10
0.10224347523088058,10
0.1023281100598559,10
0.10237324570658694,10
0.10245504887410753,10
0.10249735823167445,10
0.1025932528153964,10
0.10268631817695893,10
0.10273425755902947,10
0.102818850862674,10
0.10290625642595287,10
0.10294854669792791,10
0.10303875996779724,10
0.10312332751758746,10
0.10317124595477907,10
0.10326707594118252,10
0.1033544423375855,10
0.10339389562771333,10
0.10348125094552374,10
0.10352915223506377,10
0.10362494793109274,10
0.10371228306846876,10
0.10375172224340645,10
0.10383622952375873,10
0.10393199580902973,10
0.10398269189445775,10
0.10407281192313184,10
0.10415729207457051,10
0.10419952947410459,10
0.10428962996436851,10
0.1043769070734683,10
0.10442195034316677,10
0.10450640100573241,10
0.10455143844310993,10
0.10464995076637744,10
0.10474001068442769,10
0.1047850376020894,10
0.10486945760855547,10
0.10495668412884952,10
0.10499888777834585,10
0.10508610301011943,10
0.10517331063605971,10
0.10522394383231905,10
0.10531957731986392,10
0.10540676458832808,10
0.10545176149479825,10
0.10553612523756137,10
0.10562610538575189,10
0.10567390404655497,10
0.10576387179879947,10
0.1058060413964937,10
0.105893186263646,10
0.10598875577367199,10
0.1060309158893656,10
0.10611804116291688,10
0.10620234871692365,10
0.10624730983961035,10
0.10634284551382767,10
0.10643275310574148,10
0.10647770387061449,10
0.10656198110906784,10
0.10664906012771412,10
0.10669961865905582,10
0.10678668569370582,10
0.10682881218270791,10
0.10691586797007727,10
0.10700853193270722,10
0.10705907229340778,10
0.10714891551704306,10
0.10723594344323664,10
0.10727805101123605,10
0.1073650677002497,10
0.1074520768180182,10
0.10749417528634182,10
0.1075811731717867,10
0.10767377550795734,10
0.10772147639534317,10
0.10781126012883557,10
0.10785614897284306,10
0.10794031012466615,10
0.10803007421348065,10
0.10807775810853462,10
0.10816750986085778,10
0.10825444918988104,10
0.10829651389381482,10
0.10838624601545084,10
0.10847597008595564,10
0.10852082910248538,10
0.10860493433500183,10
0.10869744192139058,10
0.1087450940051271,10
0.10883478588554946,10
0.10887962880920359,10
0.10896370387146866,10
0.10905337614738307,10
0.10909820927010154,10
0.10918786948596253,10
0.10927191863795606,10
0.10931674196402254,10
0.10940918372927796,10
0.10950161694984312,10
0.10954362922583634,10
0.10963324951592998,10
0.10972006151340263,10
0.10976486475716488,10
0.10985446522314724,10
0.10989646267810764,10
0.10998325182951829,10
0.11006723415968539,10
0.1101148210162046,10
0.11020998793625501,10
0.1102995485296538,10
0.11034152729679955,10
0.11042547954481022,10
0.1105150208415959,10
0.11055978848355168,10
0.11064652008706365,10
0.11073324416885695,10
0.11077800204275341,10
0.1108703088314239,10
0.11091785748839306,10
0.11100176136815769,10
0.1110884546487835,10
0.11113319662739321,10
0.11122826668570918,10
0.11132332770656835,10
0.11136246785346064,10
0.11144912987025192,10
0.11153578437738865,10
0.11158330140316738,10
0.11166714947051856,10
0.11175378508815184,10
0.11179849730912719,10
0.11189350414130758,10
0.11194100417275035,10
0.11202482225403591,10
0.1121114268913492,10
0.11215332966853174,10
0.1122427163918695,10
0.11233209512593509,10
0.11237678149743718,10
0.11246335566013049,10
0.11255550701740376,10
0.11259739119091647,10
0.1126839462574433,10
0.11277049383283919,10
0.11282074382656859,10
0.11291007091450908,10
0.11295194024034927,10
0.11303567363327527,10
0.1131249815250823,10
0.11317521370941137,10
0.11326729949436135,10
0.11335379659885485,10
0.11339285735507615,10
0.1134765538381988,10
0.11356582236635952,10
0.11361324303089927,10
0.11369971021874722,10
0.11378616993066722,10
0.11383358014757783,10
0.11392560532907886,10
0.1139702205506844,10
0.11405108056670518,10
0.11413472197929013,10
0.11418211567454378,10
0.11427410878906331,10
0.1143633061522254,10
0.11440232749690599,10
0.11449430035661594,10
0.11458905142611983,10
0.11463363705840732,10
0.11471165713189722,10
0.11479802939920891,10
0.11484260571526246,10
0.11493732378977052,10
0.1150292474597623,10
0.11507102815291029,10
0.1151573693874485,10
0.11519914472802804,10
0.11529104433473464,10
0.11537458210360081,10
0.11541634837122006,10
0.11550544391232559,10
0.11560288307208724,10
0.11564742352596191,10
0.11573371501029849,10
0.11581999904905746,10
0.11586731294195597,10
0.11595358545461282,10
0.11603706789691233,10
0.11607880650471321,10
0.11617340756654154,10
0.11622348685876475,10
0.1163152923813488,10
0.1164015262560153,10
0.11644603115295217,10
0.11653225375473078,10
0.11661846892281347,10
0.11665740236887323,10
0.11674082607793972,10
0.11683258412038805,10
0.11688263041321924,10
0.1169715954166697,10
0.11705777271678831,10
0.11709668906332653,10
0.11718841445979056,10
0.11723844294824588,10
0.11732737630387116,10
0.11740796532630036,10
0.11744686804727264,10
0.11753856133052612,10
0.11763302440525829,10
0.11767747452944823,10
0.11775525749279613,10
0.11784136728839402,10
0.11788580815288735,10
0.11798023843285996,10
0.11806632885840801,10
0.1181107597267612,10
0.1181996155415997,10
0.11824681698208536,10
0.11833843694808337,10
0.11841894453457892,10
0.11846058384653695,10
0.11854940858428478,10
0.11864377622402583,10
0.11868540617539419,10
0.11877143591676147,10
0.11885745825764879,10
0.11890462865795387,10
0.11899341396404403,10
0.1190794172128005,10
0.11911825496532004,10
0.1192125689421665,10
0.1192624962701773,10
0.11935124980997634,10
0.11943722229051572,10
0.1194760461494457,10
0.11956755356784965,10
0.11965350745502838,10
0.11969509539342324,10
0.11978103831905659,10
0.11986697385913801,10
0.11991686852596294,10
0.12001387880774289,10
0.12010256568768572,10
0.12014413495525507,10
0.12022726830674088,10
0.12026883239094462,10
0.12035472602420123,10
0.12044061228037505,10
0.12048216749826196,10
0.1205735828996047,10
0.12066498994493569,10
0.12071207516226341,10
0.12079516131434226,10
0.12088100975313025,10
0.12092254667461344,10
0.12101115300780907,10
0.1210969829068456,10
0.1211412793274251,10
0.12123263449839902,10
0.12127692491063917,10
0.12136826769109396,10
0.12145129934280728,10
0.12149558007156451,10
0.12158413564716462,10
0.12167545037172728,10
0.12171695430838163,10
0.1218027236525338,10
0.12188571923998272,10
0.12193274701542564,10
0.1220267959319961,10
0.1221125387064911,10
0.1221567901654137,10
0.12224252179504463,10
0.12228400220316249,10
0.12237525304487665,10
0.12246096594817713,10
0.12250520199171269,10
0.12258813929944935,10
0.1226821266001756,10
0.12272358877769218,10
0.12280927183060404,10
0.1228894202987749,10
0.12293640089717818,10
0.12303035547297328,10
0.12311877524590258,10
0.1231574564382829,10
0.12324310232574395,10
0.12329006631128214,10
0.12338122539914675,10
0.12346961415504969,10
0.1235082817792051,10
0.12359113593935989,10
0.12368502902282247,10
0.12373197225879401,10
0.12381756895757498,10
0.12389763665623733,10
0.12394456991301364,10
0.12403566935916449,10
0.12412400029105804,10
0.12416540272966758,10
0.12425096233785687,10
0.12429787901522638,10
0.12439170576695785,10
0.12448000525680972,10
0.12451863383202703,10
0.12459864541995497,10
0.12468692663983805,10
0.12473658140132597,10
0.12482760872751637,10
0.12491035365254152,10
0.12495172354767474,10
0.1250399736042672,10
0.1251282158734744,10
0.12517509141203464,10
0.12525780759081492,10
0.1253487874856995,10
0.12539289597052497,10
0.12548110710392982,10
0.12552520975285242,10
0.1256078969774477,10
0.1256960891482449,10
0.12574018231711775,10
0.12582836282266963,10
0.12591102498521398,10
0.12595786384439325,10
0.12604878007341608,10
0.1261369333720594,10
0.12617549799673386,10
0.12625813147049933,10
0.1263462663168714,10
0.12639583875460608,10
0.12648396146553798,10
0.12652801990907053,10
0.12661337761988353,10
0.12670698737739247,10
0.12675103599606252,10
0.12683637467366754,10
0.1269189535571929,10
0.1269629928402406,10
0.12705106558838744,10
0.1271391305804084,10
0.12718040837584976,10
0.12726846197853725,10
0.12735650782847044,10
0.12740052784658087,10
0.12748581111776863,10
0.1275270746057771,10
0.12761509768988774,10
0.12770311302661697,10
0.1277471177901398,10
0.12783237150938484,10
0.12792036772560433,10
0.12796436293013422,10
0.1280578463135309,10
0.12814307354725757,10
0.12818430992379573,10
0.12826677757590593,10
0.12836023269415345,10
0.1284042085514148,10
0.12848940627201513,10
0.12853337644924942,10
0.12861581532087285,10
0.12870649023077535,10
0.12874770338107316,10
0.12883012458644755,10
0.12891253899912666,10
0.12895923748486807,10
0.12905537455993027,10
0.1291460096234026,10
0.12918445838082582,10
0.12926409753312296,10
0.12935196785854683,10
0.12940139152370597,10
0.12948924978642043,10
0.12952768534920406,10
0.12962102270892262,10
0.12971709618599178,10
0.12975826770793036,10
0.12983786117746535,10
0.12991744831238433,10
0.12996135574454745,10
0.13005465263727978,10
0.1301451971804553,10
0.13018360754028271,10
0.13026865380138494,10
0.13036192202990482,10
0.13040855288225667,10
0.1304908373176536,10
0.1305292344038679,10
0.13061699363646992,10
0.13071022938312268,10
0.13075958596524412,10
0.13084458325772033,10
0.13092957332627064,10
0.13097069495995672,10
0.1310556743113962,10
0.1311379055181855,10
0.131181759397068,10
0.13127220194898004,10
0.13136263632177642,10
0.131403740151426,10
0.1314886827124954,10
0.1315325212114723,10
0.13161745283471726,10
0.13170785599176674,10
0.1317462063773297,10
0.13183111985465598,10
0.13191876491413287,10
0.13196532322774437,10
0.13205843335244227,10
0.1321487966540501,10
0.13218713013342054,10
0.13227474399727535,10
0.1323596126083966,10
0.1323979380074646,10
0.13248553340438252,10
0.1325293282256518,10
0.1326169121146514,10
0.13270448833338538,10
0.13274827356682228,10
0.1328331020013645,10
0.1329151871839407,10
0.13296443505945188,10
0.13305471653252393,10
0.1331395189770735,10
0.13318054983638852,10
0.13326260650476973,10
0.1333555959231879,10
0.1334048221148136,10
0.1334923293615633,10
0.1335716261901418,10
0.1336099051673323,10
0.13369739447045378,10
0.13374660383992773,10
0.1338313476335206,10
0.13391335091916487,10
0.13395435004042278,10
0.1340500081202555,10
0.13414019164378677,10
0.13418664664870703,10
0.13426315607033315,10
0.13435058824214935,10
0.13439156944134692,10
0.13448172216832316,10
0.13456367214064263,10
0.1346046446085157,10
0.13469477812909633,10
0.13474666950134798,10
0.1348340594106002,10
0.13491598051516096,10
0.13495420806740074,10
0.13504157984255044,10
0.13513167399099651,10
0.1351780829604937,10
0.13525997588826622,10
0.13534459153538747,10
0.1353855320202104,10
0.13547832424756334,10
0.13556292142179538,10
0.13560658167950687,10
0.13569116800467723,10
0.1357348226635911,10
0.13582212626464726,10
0.1359039664689661,10
0.1359503396118323,10
0.1360376244003314,10
0.13612217427457965,10
0.13616308293781296,10
0.13624762220567155,10
0.1363403344759342,10
0.1363894139628997,10
0.13647666043697057,10
0.13655844709379575,10
0.1365938859012018,10
0.1366811145384187,10
0.13673017730333348,10
0.1368173940533656,10
0.13689915284861354,10
0.13693730466559834,10
0.13702722818978919,10
0.13711986821252498,10
0.1371634605479096,10
0.13724519105522892,10
0.13733236290095746,10
0.13737322208794703,10
0.13746310642321063,10
0.13754753586407925,10
0.13758838626040187,10
0.13767552819560705,10
0.13772181926021448,10
0.1378089495690921,10
0.1378879048545768,10
0.1379287413493411,10
0.13801585363168353,10
0.13811112400226214,10
0.13815739490753343,10
0.13823904422376576,10
0.13832340818081204,10
0.13836422689538178,10
0.13845674314701595,10
0.13853836802632447,10
0.13858189857117043,10
0.1386716743358551,10
0.13871519907831778,10
0.13880224288044601,10
0.1388811197822023,10
0.13892735507360846,10
0.13901709983141894,10
0.13910411736006745,10
0.1391421851479256,10
0.139226472950035,10
0.13931619086880268,10
0.13936512452293315,10
0.13945211177391903,10
0.13952821941190088,10
0.13956898897824063,10
0.13965867617382283,10
0.13970759307217517,10
0.13979726783816365,10
0.13987878337507012,10
0.1399195386518652,10
0.1400037609607746,10
0.14009069267868157,10
0.14013415570387786,10
0.14021835993994403,10
0.1403079889167805,10
0.1403514424988563,10
0.14043834399877658,10
0.14052523794748234,10
0.1405632516758735,10
0.14065013477200727,10
0.1406962883466777,10
0.14078044526408653,10
0.14086459509970478,10
0.14090531022008465,10
0.14100030572144046,10
0.14108986464380802,10
0.14113057059353096,10
0.14121197752239098,10
0.14129609105400134,10
0.1413395017216372,10
0.14142903027248757,10
0.14151041290927568,10
0.1415538142742553,10
0.14164332364092788,10
0.14168671923790885,10
0.14177079284847255,10
0.1418494359565971,10
0.14189553421368437,10
0.14198501299981528,10
0.14207448378020918,10
0.14211786067117743,10
0.1421964764906183,10
0.1422886388916767,10
0.14233200649445804,10
0.1424160258731707,10
0.1424946182565251,10
0.14253797692758852,10
0.14263010786196992,10
0.1426734606589094,10
0.14275745135495724,10
0.14283872595750147,10
0.14288477863364413,10
0.14297687762387087,10
0.14306084284065193,10
0.1430987603051699,10
0.14317729905121723,10
0.1432693711057889,10
0.1433181117029251,10
0.1434074632947289,10
0.14348868508712193,10
0.14352658633272392,10
0.14361050540771436,10
0.14365652255587738,10
0.14374584391659873,10
0.14382433185994356,10
0.14386492665488473,10
0.14395422940343902,10
0.1440462299555072,10
0.14408952140437062,10
0.14416798237886902,10
0.14425455286217576,10
0.14430054038333473,10
0.14438980424059353,10
0.14447094628790602,10
0.14450881032356755,10
0.14459805559261346,10
0.14469270096324108,10
0.14473866833993154,10
0.14481978208578175,10
0.14485492933247154,10
0.14494144036944157,10
0.14503064703837493,10
0.14507659888355232,10
0.1451603879891257,10
0.14524417007467288,10
0.14528740969514392,10
0.14537928768124309,10
0.1454576475286165,10
0.14549817607490362,10
0.14558192986582486,10
0.14567378079723084,10
0.14571700184588834,10
0.14580073731209386,10
0.14584395287402455,10
0.1459330790727295,10
0.14602219732866328,10
0.14606000267434358,10
0.14613830920123272,10
0.1462193095009781,10
0.14626520675862503,10
0.14635969448001582,10
0.14644877472653015,10
0.1464865639490483,10
0.14656483708183554,10
0.14665389905688409,10
0.14669977637285325,10
0.14678073120819485,10
0.146815809601662,10
0.14689945311306546,10
0.1469938809277926,10
0.1470424403321402,10
0.14712876234025948,10
0.1472069852242693,10
0.14725283717372692,10
0.14734183789792782,10
0.1474281340664315,10
0.1474658862985368,10
0.14754947545518426,10
0.147641145851642,10
0.14768697789876536,10
0.14776785285803498,10
0.14780289664255167,10
0.14788376222781996,10
0.14797001164501603,10
0.14801852367331353,10
0.14810745627997346,10
0.14819368640667738,10
0.1482394931373108,10
0.14832301765652073,10
0.1484119231890629,10
0.14845233218195505,10
0.1485331452694092,10
0.148619338698291,10
0.14866512593577988,10
0.14875130799003636,10
0.1487997821317843,10
0.14888325986818576,10
0.14892903502332439,10
0.1490205790479867,10
0.1491040383555653,10
0.14913903534717365,10
0.1492197929613146,10
0.1493086188048483,10
0.14935706593961354,10
0.14944587959113745,10
0.14952661243007084,10
0.14956428552448955,10
0.14965846205173233,10
0.14974186814123247,10
0.1497822234291931,10
0.14986561919730965,10
0.14995707752734444,10
0.15000280355581821,10
0.15008349144703015,10
0.15012114356832815,10
0.1502072002366973,10
0.1502932494999536,10
0.15033896015955292,10
0.1504196209326495,10
0.15050565191998877,10
0.15055135287178625,10
0.15064006052234175,10
0.15072069701308535,10
0.15076101282024687,10
0.15084970187513508,10
0.15093838306497218,10
0.15097869009707682,10
0.15105661241930904,10
0.1510996014463664,10
0.15118826047856346,10
0.15127691165103316,10
0.15131720504063942,10
0.15139778694950728,10
0.15148641954997874,10
0.1515347612938896,10
0.15161801104183872,10
0.1516985687158063,10
0.151736160076242,10
0.1518274474974357,10
0.15191604202584197,10
0.15195630967146528,10
0.1520368400985885,10
0.15207978700816244,10
0.15217104306735968,10
0.1522542398640625,10
0.15229986097537385,10
0.15238036374202907,10
0.15247159237715094,10
0.1525118376587325,10
0.15259768884648275,10
0.15267816764170497,10
0.15271572219640636,10
0.15280423806695725,10
0.1528927461031425,10
0.1529383380950511,10
0.1530187894810037,10
0.153056331246222,10
0.15314749823739904,10
0.153235975898858,10
0.15327619042998208,10
0.1533566146409299,10
0.15344507380301134,10
0.15348796027715994,10
0.15356836745917277,10
0.15364876817639048,10
0.15369164591588272,10
0.15378007544765226,10
0.15387117648412352,10
0.15390868626346332,10
0.15398638061659636,10
0.15403192277591873,10
0.15412300087277112,10
0.154214070675159,10
0.15425156759505915,10
0.1543292353138501,10
0.15441760848434855,10
0.15446580874035487,10
0.15455416984278394,10
0.15463449134301857,10
0.15467464967393665,10
0.15476031539030166,10
0.15484329705541663,10
0.1548861236078856,10
0.15496909483431492,10
0.15501191599975292,10
0.15510290488846668,10
0.15519120971679132,10
0.15523402137227116,10
0.15531428828655974,10
0.15539722399671746,10
0.15543735170985784,10
0.15552295211651204,10
0.1556058705235098,10
0.1556486644307337,10
0.15573424675161798,10
0.1558198217487954,10
0.15586528048764411,10
0.15594817051535287,10
0.15598827612680172,10
0.15607650281061833,10
0.15616204852549867,10
0.15620481863881916,10
0.15628768052814448,10
0.1563758808016224,10
0.15641864177048564,10
0.15650148594465,10
0.15657897912061308,10
0.15662173140586275,10
0.1567099022221813,10
0.15679539377192803,10
0.15683279402678832,10
0.15691293272019652,10
0.15700909067573876,10
0.15705182457708347,10
0.15713995748156026,10
0.1571826857909412,10
0.15726012619858357,10
0.15734824074755405,10
0.15739096015845996,10
0.157479063180317,10
0.15755915010136473,10
0.15759919115679893,10
0.15768460671689666,10
0.1577273117611697,10
0.1578153851557219,10
0.15789544514738507,10
0.15793547273974406,10
0.1580208595822172,10
0.15811157511437934,10
0.15815692979465662,10
0.15823963009282507,10
0.15831698869667415,10
0.15835966674416005,10
0.15844501737527308,10
0.15853036072227758,10
0.15857036290906912,10
0.1586530290246755,10
0.15870102556893345,10
0.15878901325071484,10
0.15886632936836442,10
0.15890365225129496,10
0.1589862908208949,10
0.15907425340753156,10
0.1591195644478408,10
0.15920751531268093,10
0.15929012877632412,10
0.15933010058288188,10
0.15942069742964063,10
0.15950329328417492,10
0.15954592073359466,10
0.15962317835449807,10
0.1596631368509449,10
0.1597563671338066,10
0.1598442620115895,10
0.1598842116750189,10
0.1599667692556492,10
0.1600519828355499,10
0.1600972495965744,10
0.1601797895919086,10
0.16025966052053048,10
0.16029959359270682,10
0.1603847788173811,10
0.16047528016830861,10
0.16051786620541802,10
0.16060037149179154,10
0.1606402909609211,10
0.160728108184064,10
0.1608132569150002,10
0.1608531678869308,10
0.1609329850524528,10
0.16102077657690247,10
0.16106333939031095,10
0.16115111947200267,10
0.16123091286036487,10
0.16127346673091186,10
0.16135856903989523,10
0.16144632321126637,10
0.16148354992728925,10
0.16156331679536523,10
0.161608515196413,10
0.16169624743766922,10
0.16178131377617289,10
0.16181852802391766,10
0.16189826817737998,10
0.16198331733318547,10
0.16202849675529518,10
0.16211619215997938,10
0.16219856568676871,10
0.1622410784007337,10
0.16232609840705514,10
0.16240579809865952,10
0.16244564556257296,10
0.16252799195671064,10
0.1626156435708182,10
0.16265548267396557,10
0.16274843440950787,10
0.16279092375398324,10
0.1628758970272845,10
0.16295820800084418,10
0.1629980334591409,10
0.1630776796178488,10
0.16316262852909375,10
0.16320244584724336,10
0.16329269256590737,10
0.16337762321477547,10
0.16342008583440693,10
0.16350765929333594,10
0.16359522508382582,10
0.16363237189066396,10
0.16370931445838163,10
0.16375441596995316,10
0.1638419601566107,10
0.1639348016775277,10
0.16397458826229228,10
0.16405415668321938,10
0.1641337187735166,10
0.1641788011483046,10
0.16426630819201443,10
0.16434850480370433,10
0.1643856236396618,10
0.16446781044501427,10
0.16455794304603702,10
0.16460565701669677,10
0.16468782574094093,10
0.16472493198407048,10
0.16480709090862997,10
0.1648945429922317,10
0.16493959108107412,10
0.16501643313756426,10
0.16509856811717613,10
0.1651383084275002,10
0.16522838061777234,10
0.16531049819164143,10
0.16535287881734484,10
0.1654376346807797,10
0.1655276799153289,10
0.1655674031766139,10
0.16564684496568474,10
0.16568656349372132,10
0.16577129108133928,10
0.16586130627808326,10
0.1659063108381117,10
0.16598307864861242,10
0.16606513427443179,10
0.16610748293092706,10
0.16619746787174328,10
0.16627950590832788,10
0.16632184548763765,10
0.16640651926871652,10
0.16649647730599865,10
0.16653616210289043,10
0.16661288157816678,10
0.1666552070451421,10
0.16674249766343985,10
0.16683242548320065,10
0.16687209695056085,10
0.16695143516411748,10
0.1670334113725521,10
0.1670783632145936,10
0.167162972965389,10
0.16723964436897604,10
0.16727929968497462,10
0.16736389243701233,10
0.1674537643959643,10
0.16749869734675837,10
0.1675779858645011,10
0.167614985021453,10
0.16769954938291032,10
0.1677893911821322,10
0.1678316668831224,10
0.167910929005645,10
0.16799282659935463,10
0.1680377353355643,10
0.16812490536075342,10
0.16820678543290654,10
0.1682437613325475,10
0.16832563167374176,10
0.16841541724473263,10
0.16845766648887345,10
0.16853951932016906,10
0.16858176332152705,10
0.16866624597095317,10
0.16875336122845375,10
0.1687955961974306,10
0.16887478195670505,10
0.16895923985581202,10
0.16900146613059003,10
0.16909119104461987,10
0.16917299203867958,10
0.16921520928865408,10
0.16929436182883234,10
0.16937878430003372,10
0.16942363083914147,10
0.16950804239829947,10
0.16955024550603717,10
0.16962937153273866,10
0.16971376572752306,10
0.1697559601541729,10
0.16983770678975113,10
0.16991681007495182,10
0.1699589959353124,10
0.1700512713008871,10
0.17013826599031168,10
0.17017517054196502,10
0.17025161135243308,10
0.1703359530523373,10
0.17038339213266046,10
0.17047035793538995,10
0.17050988534567776,10
0.17058893547931364,10
0.17067324873472473,10
0.17071276812623662,10
0.17079970529048003,10
0.17088136665139889,10
0.1709235118415852,10
0.17101043068709434,10
0.17109470841385788,10
0.17113157768595738,10
0.17120531215237692,10
0.17128694039895545,10
0.1713343343878268,10
0.17142121753399905,10
0.1714607073778745,10
0.1715475795455346,10
0.17163444416707652,10
0.17167655763128375,10
0.17175551559673594,10
0.17183709894535645,10
0.17187657236987852,10
0.17196340841952445,10
0.17204760587312745,10
0.17208970194162407,10
0.17216862729406673,10
0.1722580684970579,10
0.17229752530829506,10
0.17238432481332924,10
0.1724185164892376,10
0.17250004576815636,10
0.1725868276970574,10
0.17263416012056532,10
0.17272355969729153,10
0.17279980596224737,10
0.17283661242336296,10
0.1729233651505418,10
0.17300748182041245,10
0.17304953750214133,10
0.17312838713855394,10
0.17321248656515054,10
0.17325453362632987,10
0.17334387776160393,10
0.1733859192986486,10
0.17346474241698454,10
0.1735461864459344,10
0.17358821947865005,10
0.17367228024412534,10
0.17375370737280035,10
0.17379835814467515,10
0.17388502748151188,10
0.17396643728933786,10
0.17400320083670914,10
0.17408197531591926,10
0.17417387103272464,10
0.17421587769078622,10
0.17429988571360178,10
0.1743392620450191,10
0.17442063488359785,10
0.17450725030723432,10
0.17454924296377458,10
0.17462797444223496,10
0.17470407564637652,10
0.17475130796378638,10
0.1748378947520086,10
0.1749270975414914,10
0.1749664491838373,10
0.17504514782317845,10
0.17513170917358944,10
0.17517892129767176,10
0.17525760321818065,10
0.1752916967945608,10
0.17537036984252638,10
0.17545690304707529,10
0.1755040998209224,10
0.17559062145466223,10
0.17566927098975293,10
0.1757085934377639,10
0.17579247615928312,10
0.17587635184508155,10
0.1759130452455154,10
0.17599429012680506,10
0.17608076936070527,10
0.17613055704245695,10
0.17621178425466585,10
0.17624846534923394,10
0.17633230279894763,10
0.176418752807974,10
0.17646066527379536,10
0.17653924641279084,10
0.1766230594887274,10
0.17666496339260587,10
0.17675138464914625,10
0.17682994294729967,10
0.17686921978222025,10
0.1769477688243551,10
0.17703154766919854,10
0.17707081658667734,10
0.17715720277750568,10
0.17720170184237827,10
0.17729069403206382,10
0.1773770612314254,10
0.17741369960803546,10
0.1774974394284625,10
0.17757855569297207,10
0.1776204195777898,10
0.1777067583056029,10
0.1777852415900117,10
0.17782448092247718,10
0.17791080203445142,10
0.1780023465872874,10
0.17804419273470187,10
0.1781252646625451,10
0.17816449065526213,10
0.17824293802496186,10
0.17832922302436835,10
0.17837105549578447,10
0.1784547151891161,10
0.17853313979566082,10
0.17857757767608579,10
0.1786664475131988,10
0.17874485551712802,10
0.1787814438151489,10
0.17885984280331946,10
0.1789486875602307,10
0.1789904941264807,10
0.17906887672767355,10
0.1791054531724471,10
0.17918905145141623,10
0.17927786696597764,10
0.17932227176536014,10
0.17940324014725134,10
0.17947897882794575,10
0.1795233746980925,10
0.17961216052584383,10
0.17969571645744967,10
0.17973226998225783,10
0.17981059446496467,10
0.17989674431092728,10
0.17994373200799046,10
0.1800298703854317,10
0.18006641169799964,10
0.18014471001462584,10
0.18023083108263258,10
0.1802751935869293,10
0.1803534755586312,10
0.18043436049203013,10
0.18047610499480687,10
0.1805648062776421,10
0.18065089117566516,10
0.18069262664064334,10
0.18076826773152838,10
0.18085172712336647,10
0.1808960620923197,10
0.18097951081964464,10
0.1810186250135387,10
0.18109684881186547,10
0.18118288792321263,10
0.18122981522761267,10
0.18131584289990038,10
0.1813914368664951,10
0.18142792846039993,10
0.18151393909188818,10
0.1815999423261841,10
0.18164163820168616,10
0.1817172075450637,10
0.1817953767188293,10
0.1818370644464893,10
0.18192303989664338,10
0.1819699324813711,10
0.18205068677865083,10
0.1821288298899846,10
0.1821678991558911,10
0.18225645050791975,10
0.1823371816718855,10
0.18237624279864775,10
0.1824621719071862,10
0.18254549005236417,10
0.18258454304337263,10
0.18266004116832135,10
0.182740739757832,10
0.18278759401507053,10
0.1828760905117081,10
0.18291773321213906,10
0.18300101341101865,10
0.18308428667488427,10
0.18312331863035117,10
0.18320918357005786,10
0.18328723620879703,10
0.18332626024370507,10
0.18341210776035832,10
0.18350054900941448,10
0.18353956472104632,10
0.18362019236831031,10
0.18370081351528092,10
0.1837424218868912,10
0.1838256334367023,10
0.18386463646724271,10
0.18394783784843363,10
0.184028432585641,10
0.18407002732807146,10
0.18415321162292456,10
0.1842363889987263,10
0.18427537601215707,10
0.18435594435689812,10
0.18443910487233334,10
0.18448328108345083,10
0.18456383268003992,10
0.18464957402443885,10
0.18469114293921046,10
0.18476907999728184,10
0.18481064394471974,10
0.1848859741964752,10
0.18496909064786635,10
0.18501324345294015,10
0.18509634932727476,10
0.18517685155735977,10
0.18521839856000927,10
0.1853040838018173,10
0.18538716551012885,10
0.18542870377596424,10
0.1855013915896247,10
0.18557926552733375,10
0.185618200222175,10
0.1857012558383397,10
0.185745376328811,10
0.18582582632982747,10
0.18591145954207247,10
0.18595297603580288,10
0.18603859836096842,10
0.18612161906949407,10
0.1861657210176399,10
0.18625132512980253,10
0.18633692191452816,10
0.1863758271219951,10
0.18645103956476222,10
0.18653402604060762,10
0.18658070290704254,10
0.18666367862372787,10
0.18670257112098132,10
0.1867829441556121,10
0.18686590309357787,10
0.18690737998188406,10
0.18699551265790834,10
0.1870732703339261,10
0.18711473862235425,10
0.1871950785379888,10
0.18727800329418573,10
0.18731687190662002,10
0.18739719558517665,10
0.18748010358325506,10
0.1875267363116668,10
0.187612223999549,10
0.18764848929573674,10
0.1877236060829493,10
0.18780648702452424,10
0.18785051473090797,10
0.18793597474538468,10
0.1880188380882429,10
0.18805767791667932,10
0.18814053117583732,10
0.1882233775709015,10
0.18826479819475386,10
0.1883476342958095,10
0.1884252869091178,10
0.18846152273185604,10
0.18854693054775842,10
0.18858833777228975,10
0.18867373475834567,10
0.18875912445237888,10
0.18880052289166374,10
0.18887555319488614,10
0.18895575177696636,10
0.18899455523358313,10
0.1890799175384173,10
0.18916785895914173,10
0.18920924048126336,10
0.18929199838857003,10
0.18937992116140057,10
0.1894212939091776,10
0.18950144873732064,10
0.18954023102519627,10
0.1896152058504947,10
0.18969793016916495,10
0.18973928976239932,10
0.18982717321865372,10
0.1899047110312992,10
0.189946062073222,10
0.19003134319733067,10
0.1901166170491892,10
0.1901527916380949,10
0.19023030420808879,10
0.1903103942189695,10
0.19035172848921894,10
0.19043955814108246,10
0.19048347007441568,10
0.1905609570179045,10
0.19064618572143388,10
0.1906875061146032,10
0.1907675595180132,10
0.19084244238446094,10
0.19088633663031965,10
0.19097411934234543,10
0.19105673132680973,10
0.19109287192406293,10
0.19116773043505877,10
0.19125032642713521,10
0.191294202773275,10
0.19138194969057562,10
0.19141807853636625,10
0.19149807347866407,10
0.19158322235378283,10
0.19162966413901347,10
0.19170706232174278,10
0.19178703415106352,10
0.1918257279016407,10
0.1919108488831111,10
0.1919959626196169,10
0.1920294902844569,10
0.1921094363338108,10
0.19219453317019375,10
0.1922435250336864,10
0.1923260322208827,10
0.1923621269747721,10
0.19243689053504756,10
0.19251938177040057,10
0.1925657801000691,10
0.19265341551617432,10
0.19273073450601447,10
0.19276681465549336,10
0.192846701782756,10
0.19293173590597024,10
0.1929781151074832,10
0.19305540899692442,10
0.1931352730734613,10
0.1931764907465748,10
0.1932589209964624,10
0.19330013357351655,10
0.1933774025778666,10
0.19345724094384936,10
0.19349844534860614,10
0.19358599907188412,10
0.1936683955741992,10
0.19370701659768688,10
0.1937868286532114,10
0.1938743571322025,10
0.1939181184989029,10
0.19399533976876782,10
0.19407255507596868,10
0.1941137341353932,10
0.1941986605904211,10
0.1942424077677701,10
0.19431960400063228,10
0.19439936718121845,10
0.19444053278530385,10
0.19452543149219306,10
0.19460517825766804,10
0.19464376311928822,10
0.19472607251520943,10
0.19481351882580242,10
0.194852095649623,10
0.19492924483303714,10
0.19500638806491397,10
0.19505009992150488,10
0.19513751790292508,10
0.1952197866698912,10
0.19525320642328226,10
0.1953328951744861,10
0.19537659276148658,10
0.19546141203864575,10
0.19554365416465105,10
0.19557963296800004,10
0.19565672604507992,10
0.19574152156587146,10
0.19578777063768663,10
0.19586741680321537,10
0.1959470566257378,10
0.19599329619294378,10
0.19607549458909385,10
0.19615511784272177,10
0.19619364294761113,10
0.1962783929544034,10
0.19632204924585972,10
0.19640422062458762,10
0.19647868260472004,10
0.19651462778319184,10
0.19660191783782918,10
0.19668406622353124,10
0.19672513788588677,10
0.19679957597460782,10
0.19688170812528435,10
0.19692020524891235,10
0.19700745990939308,10
0.197087008994428,10
0.19712806411092776,10
0.19721273496585898,10
0.19725378492109455,10
0.19733331441439259,10
0.19741027241844777,10
0.1974538793252757,10
0.19753852259881494,10
0.197623158708477,10
0.1976616272995183,10
0.19774112436522082,10
0.1978206151116424,10
0.1978642041287554,10
0.19794624888934612,10
0.19802059613974976,10
0.19805648593756597,10
0.19814107822203095,10
0.1981872164521767,10
0.19827179767903946,10
0.1983461207306243,10
0.19838199884753965,10
0.1984614386687136,10
0.19854343444597702,10
0.1985869919681758,10
0.19867153938972204,10
0.19875607966360592,10
0.1987996279246923,10
0.1988790345777309,10
0.1989558737227027,10
0.1989942910812067,10
0.19907880407512987,10
0.19912233828470274,10
0.19920171931754277,10
0.19928109404953478,10
0.19932205918820742,10
0.1994065444871757,10
0.19948334311098212,10
0.1995242999655013,10
0.19960108954672867,10
0.19968043258640222,10
0.19971882211988454,10
0.19980327390628186,10
0.19988515973700816,10
0.1999286588574372,10
0.20001565142218639,10
0.20005658648127939,10
0.20013077700513698,10
0.2002049620251689,10
0.20024588933571305,10
0.200332854309346,10
0.2004198117207298,10
0.20046073023917815,10
0.20053489078656822,10
0.20061415977313007,10
0.20066018404327007,10
0.20074455637073066,10
0.200823808739715,10
0.20085959807347475,10
0.20094395357829667,10
0.20098740666749865,10
0.20106919559587924,10
0.2011484222416307,10
0.2011867554620987,10
0.20126852808824658,10
0.20135284910607668,10
0.20139372946460318,10
0.20146782085508969,10
0.20154701592664304,10
0.20159299728376526,10
0.20168239942615562,10
0.2017641315338934,10
0.2017998872305458,10
0.2018739485354633,10
0.20195821852122567,10
0.20200162756078194,10
0.20207822715177756,10
0.20211397161968658,10
0.20219566846317025,10
0.20228756943483236,10
0.20233096418024604,10
0.20240498616480934,10
0.20247900267052382,10
0.20251728492045287,10
0.20260150071198443,10
0.2026857094118135,10
0.20272653531994053,10
0.20281073349186926,10
0.20289492457506286,10
0.20293063986299575,10
0.20300461747332302,10
0.20304287960720688,10
0.20312450060017156,10
0.20321376593378357,10
0.2032520200661909,10
0.20333362399138497,10
0.20341012162382055,10
0.20345346768475406,10
0.2035401541703852,10
0.20361663600598656,10
0.20365232552754672,10
0.20372879878488592,10
0.2038154614073511,10
0.20386133857887867,10
0.20394289279846273,10
0.2039811190494533,10
0.20405501899151363,10
0.2041365574178162,10
0.20417987200273546,10
0.20426140024977063,10
0.20433273201383523,10
0.20437094336592326,10
0.20446264465413588,10
0.20454924370567565,10
0.2045874467856126,10
0.20466130193532375,10
0.20474279094326564,10
0.20478862559223124,10
0.20487010422577778,10
0.20490574904047934,10
0.20498212650814518,10
0.20506868058667846,10
0.20511450030138229,10
0.20519340711120826,10
0.20526721752283653,10
0.20530539318432994,10
0.20538937450998643,10
0.20547080421202416,10
0.20551151657662928,10
0.2055878477930806,10
0.2056768935155738,10
0.2057150535409167,10
0.20579645672840519,10
0.20583461219157265,10
0.20591091875066714,10
0.20599484924101025,10
0.20603554027652649,10
0.20611691738061458,10
0.20619320240183336,10
0.2062338853671187,10
0.2063177887562291,10
0.2064016851061516,10
0.20643727537069262,10
0.20651353595824115,10
0.20659741588798378,10
0.20664316561158705,10
0.2067219518962065,10
0.20675753076439554,10
0.20683376693392072,10
0.20691507910919327,10
0.2069608143024325,10
0.20704211614828325,10
0.20711579023701246,10
0.20715389539455015,10
0.20723518154470502,10
0.207321540840067,10
0.20736725744790255,10
0.20744344715013927,10
0.207522170411253,10
0.20756279934718666,10
0.20764405226725816,10
0.20768467625166423,10
0.20776591926988702,10
0.20784715568821802,10
0.20788777142275908,10
0.20797153616572017,10
0.20804767984380118,10
0.20808321157617982,10
0.2081669599504318,10
0.20824816379750868,10
0.20828876324840678,10
0.20837249441052993,10
0.20845368156981045,10
0.2084917357818455,10
0.2085653031524668,10
0.20860335311714834,10
0.20868452153659012,10
0.2087707557640229,10
0.20881133400394722,10
0.20889502142387495,10
0.20897109481952372,10
0.20901166493102094,10
0.2090953355881507,10
0.20917139374732638,10
0.2092094206577079,10
0.20928800502376904,10
0.20937165256350276,10
0.2094122064279115,10
0.2094958435795829,10
0.20953385815437545,10
0.20961495108438347,10
0.2096985712814972,10
0.20973404440427584,10
0.20981258755554355,10
0.20989365788663356,10
0.20993672382692802,10
0.21002031712279426,10
0.21009377212973596,10
0.21013176398175468,10
0.21021280844228352,10
0.21029637866347675,10
0.21034195947700077,10
0.2104153908623676,10
0.21045083856687916,10
0.21052932544125555,10
0.21061793225112665,10
0.21066096701182838,10
0.21073690618964608,10
0.21081030858031907,10
0.21084827322005817,10
0.21093685177474175,10
0.2110228920011312,10
0.21106084857122825,10
0.2111418177726127,10
0.21122531039558187,10
0.21126325928349426,10
0.21133662305017484,10
0.21141251093850427,10
0.21145045272316373,10
0.2115313903860319,10
0.21157438585507482,10
0.21165531348811217,10
0.2117387632507712,10
0.21177922123516002,10
0.2118626606588189,10
0.21193850863927638,10
0.21197643047227063,10
0.21205732557664414,10
0.21214326945534429,10
0.21218118352437534,10
0.2122620620675945,10
0.21233535259760639,10
0.212375786452879,10
0.2124566492590644,10
0.2124970782102419,10
0.2125779312094269,10
0.21266130401857047,10
0.21270425093492532,10
0.2127850871859861,10
0.21286339107330884,10
0.21289622636266015,10
0.21297452154817775,10
0.21305786130040374,10
0.2131007911895881,10
0.21318159539347076,10
0.2132623930685618,10
0.21330026473159922,10
0.21338105281943978,10
0.2134239688365875,10
0.21349969849185185,10
0.21357542241256974,10
0.213613282222745,10
0.21369656876002924,10
0.21378237187725865,10
0.21382022385332558,10
0.21390096994727714,10
0.21398423252849058,10
0.21402712266792792,10
0.21410280666206072,10
0.214175962411946,10
0.21421379949304672,10
0.21429703603242223,10
0.21434243486114032,10
0.2144256606944869,10
0.21450131453282048,10
0.2145391393057818,10
0.21461982737332114,10
0.21470050893082152,10
0.21474084726863543,10
0.21481899816797767,10
0.21489966365831634,10
0.21493999396352148,10
0.21502569046186376,10
0.21509877873110297,10
0.2151391010068978,10
0.21521722078976444,10
0.21525501849393638,10
0.21533564882156614,10
0.21541627264846994,10
0.2154565821244775,10
0.21553467711069302,10
0.21562032266410397,10
0.21566062391596696,10
0.21573618438578754,10
0.21581677592774884,10
0.21585958754279835,10
0.21594016914052322,10
0.21601822637162116,10
0.21605599381231502,10
0.2161365595855005,10
0.21618187498065838,10
0.2162599133478837,10
0.21633794562559747,10
0.2163757009934712,10
0.21645624101435462,10
0.2165342579742745,10
0.2165770388844323,10
0.21665756269184272,10
0.21673808001569167,10
0.21678085220723206,10
0.21685381231192452,10
0.21692928268103562,10
0.2169670157297824,10
0.21704750814215829,10
0.2170902671011099,10
0.21717577953441827,10
0.21725876990381068,10
0.2172964905222826,10
0.2173719274909592,10
0.2174549015842319,10
0.21749764312738407,10
0.21757557888573226,10
0.21765602233026338,10
0.21769372796738626,10
0.21777416190854193,10
0.21784704957987586,10
0.2178897743656615,10
0.2179701925402123,10
0.2180531170098888,10
0.2180908076775583,10
0.21816618475140576,10
0.21820638353439292,10
0.21828426407823953,10
0.2183671625088689,10
0.2184073532137691,10
0.21848772977801567,10
0.21856558841439874,10
0.21860828251244846,10
0.21868864292895954,10
0.21876397495489935,10
0.21879912795835038,10
0.21887947304052133,10
0.21896232214598677,10
0.21900750967423654,10
0.21908281768403207,10
0.21912548970562554,10
0.2192032987046521,10
0.21928110164990922,10
0.2193187460632945,10
0.21939654002727504,10
0.2194793463070496,10
0.21952200141168024,10
0.21960228843784171,10
0.21968256901851413,10
0.21972270689211523,10
0.21980297780649422,10
0.21988073411075124,10
0.21992337209794371,10
0.22000362690700542,10
0.22004124413168627,10
0.22012148948188742,10
0.22020172839328903,10
0.22023933816681995,10
0.220317060550028,10
0.2203972837711836,10
0.22043739296847867,10
0.22052011310749575,10
0.22059530729652427,10
0.22063290227083251,10
0.22071310015916484,10
0.22079579749573114,10
0.2208333849335127,10
0.22091106116149398,10
0.22095365524117389,10
0.22103633268769038,10
0.22111399315366723,10
0.2211515686334166,10
0.2212292201509791,10
0.22131187481857287,10
0.22135194734985975,10
0.22142958330987375,10
0.22150971733407201,10
0.22154727794751636,10
0.22162990633141486,10
0.2217050171198631,10
0.2217450739003547,10
0.2218201760392989,10
0.2218577249937527,10
0.22193782471795206,10
0.22202792923925765,10
0.22206547039375268,10
0.22214305098062626,10
0.22222563015345514,10
0.2222681682782559,10
0.2223432311434407,10
0.2224207901853001,10
0.22245831659451498,10
0.22254337124217732,10
0.2226234160673221,10
0.22266093487362817,10
0.2227409702893423,10
0.22278098559520224,10
0.22286351210689082,10
0.22293853029883756,10
0.22297603728451804,10
0.22305354726396678,10
0.22313855130170973,10
0.22317855070172415,10
0.22326104441162545,10
0.22333603278846217,10
0.22337352486826473,10
0.22345350327413777,10
0.2235359743062346,10
0.2235734588907036,10
0.22364842384462277,10
0.22368840285564723,10
0.22377335294751935,10
0.22385579760658875,10
0.22389077207523012,10
0.22396571324644582,10
0.2240456443059496,10
0.22409060271942477,10
0.22417052379740285,10
0.22424544400741428,10
0.22428539915776324,10
0.22437029855203205,10
0.22445019728043653,10
0.22448515096680557,10
0.22455755114509154,10
0.22459749382734773,10
0.22467737440592528,10
0.22476224052966606,10
0.224799679177087,10
0.2248720565878792,10
0.22494442876056078,10
0.2249893467851735,10
0.22507169125709867,10
0.22515402894897024,10
0.225188958042913,10
0.22527128608027167,10
0.22535360734028234,10
0.2253935182392059,10
0.2254708410733008,10
0.22555314590800812,10
0.22559304884412143,10
0.22567035625207987,10
0.22570776091694467,10
0.22578256604960906,10
0.22586235202377578,10
0.2258997495079267,10
0.22598451196120228,10
0.22605929639510652,10
0.22609668651489634,10
0.2261714625606742,10
0.22625121751362365,10
0.22628860045828256,10
0.22636834606982412,10
0.226445593567106,10
0.22648795256459944,10
0.2265701737321115,10
0.2266150187924357,10
0.22669722951350746,10
0.22677445161052426,10
0.22681181500063352,10
0.2268890282499674,10
0.22696872599630674,10
0.227011062840699,10
0.2270907508621374,10
0.22717292248384066,10
0.22720778113202572,10
0.22727998446660638,10
0.2273546720856743,10
0.22739699259382562,10
0.22747664986844368,10
0.22751647612639875,10
0.227596123884232,10
0.22767825399081093,10
0.2277205608073164,10
0.22780268069493287,10
0.22787732928672183,10
0.2279121633893119,10
0.22798929172717217,10
0.22807138955050651,10
0.22811367973831856,10
0.22819825474894082,10
0.22827287381862488,10
0.22830769414574043,10
0.22838479198417913,10
0.2284270689205002,10
0.22850913081261984,10
0.22858869955010505,10
0.2286235088819931,10
0.228703068519442,10
0.2287851077665667,10
0.22882488194865305,10
0.2289019399248754,10
0.22898396285903075,10
0.22901875843502542,10
0.22909580147354147,10
0.2291703536016665,10
0.22921259734059155,10
0.22929459479871636,10
0.2293368332896656,10
0.22941136745119078,10
0.22948341186038956,10
0.2295256423769123,10
0.2296051302761633,10
0.22968461185759073,10
0.22972435027943414,10
0.2298063057875732,10
0.22988825457955717,10
0.22992301870496987,10
0.23000247502514115,10
0.23007695959197336,10
0.23011916505063504,10
0.23019860578788684,10
0.23023584146115555,10
0.23031279079254116,10
0.23039469809089944,10
0.23043689014167512,10
0.23051878727643785,10
0.23059323339733304,10
0.23062797302383603,10
0.23070489218803567,10
0.23078428641016283,10
0.23082894289019754,10
0.23090832726441746,10
0.23098770533725876,10
0.2310273920109751,10
0.23110676063362393,10
0.23114396250711455,10
0.2312183621024151,10
0.23129771557007925,10
0.23133738994267136,10
0.23141921336529167,10
0.23149607169435496,10
0.23153573819822898,10
0.23161754539358934,10
0.23169686719225271,10
0.23173404711955783,10
0.231810881255763,10
0.23189266594645805,10
0.2319298385948277,10
0.23201161355760977,10
0.23205125961741618,10
0.2321305470219102,10
0.23220982814041008,10
0.23224946634272362,10
0.23232378373748724,10
0.23239561863615052,10
0.23243277259348472,10
0.23251202975577304,10
0.2325937571256956,10
0.23263338011297677,10
0.2327126213779069,10
0.23278938036586505,10
0.23283147150308714,10
0.2329131727711114,10
0.23295278310446238,10
0.23302704825087311,10
0.23310625832841664,10
0.23315081123995665,10
0.23322753660156265,10
0.23329930661088635,10
0.2333364270084255,10
0.23341808703304304,10
0.23349974038984542,10
0.2335418016384523,10
0.23361849700819243,10
0.2337001340031553,10
0.23374218682397815,10
0.23381886682723124,10
0.23389306768403786,10
0.2339301660478806,10
0.23401177760412234,10
0.23405629019130023,10
0.23413541878767422,10
0.2342071236701894,10
0.2342466827838727,10
0.23432579631677802,10
0.23440984758810315,10
0.23444692678556525,10
0.23451860933571494,10
0.23459522982827397,10
0.23463971645263615,10
0.2347237413438239,10
0.234763280026252,10
0.2348349399037936,10
0.23491153616370988,10
0.23495600871920916,10
0.2350375366011722,10
0.2351067065616741,10
0.23514623010536023,10
0.23522280252623465,10
0.23530677844001602,10
0.23534629407709975,10
0.23542285118071019,10
0.23549940242377915,10
0.23554384884362742,10
0.23562285982372563,10
0.235659894071768,10
0.23573148972915173,10
0.23581048588553608,10
0.23585491848129553,10
0.2359388413315624,10
0.23601288505688411,10
0.23604743691923286,10
0.23612394036624393,10
0.23620784064341083,10
0.23625472302662381,10
0.23633121061778303,10
0.23640522529739494,10
0.2364397636065507,10
0.2365211706157392,10
0.2365655716458505,10
0.23664203546555143,10
0.2367135608429092,10
0.236753020930269,10
0.236834402443147,10
0.2369157773336131,10
0.2369552294424568,10
0.23702919795163058,10
0.2371056263302643,10
0.23714507095002338,10
0.23722395552221406,10
0.2372954392911152,10
0.23733487642463236,10
0.23741621060092843,10
0.23745564297195262,10
0.2375369673267935,10
0.23760842872473198,10
0.2376478535170178,10
0.2377266984389529,10
0.23780800075426578,10
0.2378474176794059,10
0.237923783550796,10
0.2380050698448632,10
0.2380420159761764,10
0.23812082982775162,10
0.23819224951572712,10
0.23823165129817042,10
0.23830798783398155,10
0.23834738505648254,10
0.23842617484536666,10
0.23850742031382233,10
0.23854927146405805,10
0.2386305069324928,10
0.23870435163219994,10
0.23874127193726433,10
0.23881510845831788,10
0.23889386140544153,10
0.23893815721285067,10
0.2390193610973939,10
0.23909563752813676,10
0.23913254338989895,10
0.23921373149170413,10
0.23925309304727796,10
0.23932689178830494,10
0.23940068508347964,10
0.23943512009109555,10
0.23951628363198574,10
0.23959744058589016,10
0.23964170523934195,10
0.23972039311899007,10
0.23979661609828826,10
0.23983349609937427,10
0.239912168889447,10
0.2399883772529831,10
0.24003016647063358,10
0.2401112817317769,10
0.24014815013003352,10
0.24022434051263203,10
0.24029806761425646,10
0.24033492912678697,10
0.24041110528049311,10
0.2404897326433473,10
0.2405290440065475,10
0.24060766209710216,10
0.2406911870465444,10
0.24072803407121274,10
0.24080663651971948,10
0.24088277675041195,10
0.24092207266585228,10
0.24100065986452923,10
0.24107678532423474,10
0.2411136181437546,10
0.24118973500527208,10
0.24122901886059475,10
0.2413100369387183,10
0.2413885936554807,10
0.24142541499222214,10
0.2415015081253446,10
0.24158004980278977,10
0.24162177255998285,10
0.2417003047925964,10
0.24178128469858118,10
0.24181809157901818,10
0.24189660839637933,10
0.24197021231410376,10
0.24200701224148938,10
0.24208060803380585,10
0.24211740389893596,10
0.24219835003668433,10
0.24227928962268583,10
0.24232098321647116,10
0.242399460559857,10
0.24248038387035126,10
0.24251716502859408,10
0.2425907232867677,10
0.24266427613452193,10
0.2427035021080054,10
0.2427819494392429,10
0.24286039061697934,10
0.24289960889858625,10
0.24298049174717729,10
0.24301725451581002,10
0.24309812784983287,10
0.24317409381221716,10
0.24321329979309464,10
0.24328925700716747,10
0.24336765840275246,10
0.24340440694108348,10
0.24348034964112786,10
0.24354158955340258,10
0.243617521836539,10
0.243659159673092,10
0.24373508302972466,10
0.24381100062243882,10
0.24384773287250125,10
0.24392609049673833,10
0.244006890366523,10
0.24404851199410604,10
0.24412440579667913,10
0.2441611265366796,10
0.24423945960894272,10
0.24432023416353324,10
0.2443618427515518,10
0.24444260742170268,10
0.2445258126842388,10
0.24456496570649014,10
0.24464082032503276,10
0.2447117758885293,10
0.24475336818857726,10
0.24483410124477084,10
0.2449148277836644,10
0.24494907343752728,10
0.24502489892642407,10
0.2450615866151405,10
0.24514229479275687,10
0.24522299645708914,10
0.2452621221925356,10
0.24533058854623999,10
0.24540638511318089,10
0.24544305880897668,10
0.2455212915318087,10
0.24559951813476058,10
0.24563862914158058,10
0.24571684656650744,10
0.2457950578739469,10
0.24583416123390817,10
0.2459148070850284,10
0.2459563493793664,10
0.2460369853775187,10
0.24611272842293852,10
0.24614937622413563,10
0.24622266779759194,10
0.24630083955564128,10
0.2463423658167326,10
0.24641808573611496,10
0.24649379992242504,10
0.24653043376110592,10
0.24660858146519055,10
0.2466916067097964,10
0.2467331167472957,10
0.24680880708594852,10
0.24684298794174273,10
0.2469235524794741,10
0.2469992284058994,10
0.24704072567623933,10
0.24711883351391237,10
0.24719693525122757,10
0.24723354334088748,10
0.2473067554999956,10
0.2473824024338295,10
0.2474238838068689,10
0.24750440156046716,10
0.24758491283147854,10
0.2476190671700588,10
0.24769225111060755,10
0.24773128035571362,10
0.2478093342763773,10
0.2478898210015989,10
0.24793128133199488,10
0.2480044424278832,10
0.2480800366042413,10
0.24811905071760182,10
0.24820195065498668,10
0.2482750919518145,10
0.2483116605942077,10
0.24838479386744183,10
0.24846279679746644,10
0.2485017959809259,10
0.24858222699370544,10
0.248623658627251,10
0.24870164292807598,10
0.24878205786921542,10
0.24881860797759056,10
0.24889170418685372,10
0.2489696675879491,10
0.24901108317263954,10
0.24908903726746143,10
0.2491669852859161,10
0.24920352132811688,10
0.2492814604236244,10
0.24935939344510272,10
0.2493983576783767,10
0.24946897648175834,10
0.24950306653306709,10
0.24958585181973406,10
0.24966619569154852,10
0.24970514797257476,10
0.24978548226063088,10
0.24985850783178418,10
0.24989988662175255,10
0.24998020526776946,10
0.25005321662106733,10
0.25008485321877294,10
0.2501602902975929,10
0.2502430211959273,10
0.25028438407858544,10
0.25036467184946304,10
0.250437655138755,10
0.2504741447860379,10
0.2505495525046619,10
0.25059090271050666,10
0.25066630162552755,10
0.25074169485598086,10
0.2507806052671958,10
0.2508559898807456,10
0.25093136881188366,10
0.25096540904744546,10
0.2510383485077258,10
0.2510796785071117,10
0.2511526096334194,10
0.2512255354411658,10
0.2512595656648691,10
0.25133491418217974,10
0.25141268734221534,10
0.2514540018733924,10
0.2515269057059792,10
0.251597374359,10
0.25163139193150935,10
0.25170428283329926,10
0.2517795978505418,10
0.2518184678982598,10
0.251893774316467,10
0.2519302108701075,10
0.252007937747615,10
0.25208322989941534,10
0.25212208814696174,10
0.2521949432915386,10
0.25226779312863,10
0.252306644205174,10
0.25238676978385094,10
0.2524644611839378,10
0.2525081599441137,10
0.2525906968369378,10
0.2526683723958768,10
0.25270478073727454,10
0.25278244743553235,10
0.252826132302616,10
0.25290864295624427,10
0.2529887203158695,10
0.2530275433942534,10
0.2531051850296193,10
0.2531852466528509,10
0.25322648801794595,10
0.2533065399304409,10
0.25338415990792157,10
0.25342539307054734,10
0.25350785429562833,10
0.2535854586492717,10
0.2536218336169927,10
0.25370185388883765,10
0.2537454986111066,10
0.2538230845254228,10
0.2539030886953797,10
0.253939452111363,10
0.2540194469723419,10
0.2540994354346548,10
0.25414063911536117,10
0.2542133473517822,10
0.2542884736427478,10
0.25432239979521043,10
0.2543999409647638,10
0.2544774761221507,10
0.2545162414465728,10
0.2545961901825169,10
0.25463495090531224,10
0.25471246784401336,10
0.2547851345171713,10
0.2548238879171815,10
0.2549013902120148,10
0.25498372981934986,10
0.25502247552403,10
0.2550951196742707,10
0.2551677585477221,10
0.2552064971228738,10
0.2552863906949943,10
0.25536627788464167,10
0.25540258813393973,10
0.2554776251381105,10
0.25552119242779625,10
0.25559864070085947,10
0.2556736629958267,10
0.255714801864925,10
0.25578981544604795,10
0.2558672429183218,10
0.25590353498234,10
0.25597611515927393,10
0.2560535282087337,10
0.25609465145389576,10
0.2561744741025261,10
0.2562494532112048,10
0.25628331290148854,10
0.25636070217440654,10
0.2564042310086388,10
0.25648161092472016,10
0.2565517313020932,10
0.25658558075905447,10
0.25666052905081244,10
0.2567427239446218,10
0.25678381885816504,10
0.2568587522943454,10
0.2569360970489594,10
0.256974767183053,10
0.2570521029653911,10
0.2571245998299335,10
0.25716084629137687,10
0.25723816768503666,10
0.2573203151155597,10
0.25735897039503003,10
0.2574338607471343,10
0.2574725116378005,10
0.25754980893774765,10
0.25762951552094987,10
0.2576681588502706,10
0.25773578108352063,10
0.2578154728454874,10
0.2578541089896051,10
0.2579362058397882,10
0.25801105297661825,10
0.2580472673220902,10
0.25811727800478323,10
0.2581945254840193,10
0.2582331469860625,10
0.25831038551557584,10
0.25834900254327636,10
0.2584262321251407,10
0.2585034557430573,10
0.2585420653158229,10
0.2586216928520323,10
0.2586964887016212,10
0.2587350908223301,10
0.2588122905936641,10
0.2588894844056535,10
0.2589256669538496,10
0.2589980281229482,10
0.259072795830569,10
0.2591137951034406,10
0.259193377129038,10
0.25922954868349035,10
0.25930671029369856,10
0.25938627696880595,10
0.2594248524719196,10
0.2595019990142257,10
0.25957913960540197,10
0.2596152972091692,10
0.259692429061288,10
0.2597647347698552,10
0.2598008856636898,10
0.25987077368623673,10
0.25995029549513476,10
0.2599888492475039,10
0.26006836166774716,10
0.2601093201442903,10
0.2601888229865588,10
0.26026591061595966,10
0.26030204339670626,10
0.26037912229904453,10
0.26045137837460763,10
0.2604899128135631,10
0.2605693854045919,10
0.2606464437040497,10
0.26068497062715,10
0.2607572046074904,10
0.2608366559598304,10
0.2608751755554756,10
0.26094980304996446,10
0.26098831828756,10
0.2610629373392828,10
0.2611399576173158,10
0.26117846553190044,10
0.2612530703968943,10
0.26132766969641735,10
0.2613685766271399,10
0.2614479794219195,10
0.2615225641833248,10
0.26155624580062314,10
0.261628416874969,10
0.26170539361359885,10
0.261746285096029,10
0.2618232527624314,10
0.261856924253745,10
0.2619362882833629,10
0.2620156460148314,10
0.26205652481280806,10
0.26213106420149945,10
0.2622031938040005,10
0.26223925665433995,10
0.2623161863886818,10
0.2623931102052949,10
0.2624339735762162,10
0.26251329182390143,10
0.2625902004804893,10
0.262623846157864,10
0.2626983432723369,10
0.26273438827091705,10
0.2628112799258075,10
0.2628905682530454,10
0.2629314113016243,10
0.263013092394659,10
0.26308756051813265,10
0.26312118946593416,10
0.26319564954035646,10
0.2632701040708891,10
0.2633109316213258,10
0.2633853775693992,10
0.263462219186857,10
0.2634982366625401,10
0.26357747054298886,10
0.26365429740169644,10
0.26369270861777616,10
0.26376952662395475,10
0.2638055330330993,10
0.2638799421705758,10
0.2639543457717445,10
0.2639951453963936,10
0.26407433991617413,10
0.2641511286129157,10
0.2641847218136551,10
0.2642591027424192,10
0.2643358772533193,10
0.26437666131491366,10
0.2644534268011888,10
0.26453018639497644,10
0.26456856398247,10
0.26464291636723714,10
0.26468128962875315,10
0.26475323552546987,10
0.2648275741812455,10
0.2648635425147284,10
0.26493787297118765,10
0.2650121979030408,10
0.2650505569969077,10
0.26512727077066367,10
0.2652063756865961,10
0.26524233039804546,10
0.2653190294621148,10
0.26539572264388883,10
0.265434067029197,10
0.26551314768071904,10
0.2655562799458167,10
0.26563535093363416,10
0.26570962404548415,10
0.265745560667661,10
0.26582701223037836,10
0.265898875747218,10
0.26593480556909393,10
0.26600905644367157,10
0.26609048654794704,10
0.2661264094860641,10
0.2662006461357743,10
0.2662724828079474,10
0.26631318796493725,10
0.2663921991282979,10
0.26642811122984206,10
0.266504719403014,10
0.2665789279746169,10
0.26662201429567417,10
0.2667033945040524,10
0.266777588334271,10
0.26681109342106424,10
0.26688527926141453,10
0.26696424523788786,10
0.26700492224688904,10
0.26707191606673425,10
0.2671054112936675,10
0.26717957530382136,10
0.2672609101522604,10
0.26730396709986426,10
0.2673805082072603,10
0.26744986852577146,10
0.2674857426649454,10
0.267562269860835,10
0.26763879120076095,10
0.26768183188138417,10
0.2677583440731612,10
0.2678372411400243,10
0.26787310138547954,10
0.26794481801874903,10
0.26798067440674767,10
0.26805238332593373,10
0.26813125719828745,10
0.26817427668851307,10
0.26825314094763025,10
0.26832960944145323,10
0.26836545203512274,10
0.26844669049154113,10
0.26852314418691997,10
0.2685589798445977,10
0.26862825847491534,10
0.26870469829054133,10
0.2687429160073241,10
0.26882173543563753,10
0.26885994867987484,10
0.2689292064633431,10
0.2690032353418035,10
0.2690414416511026,10
0.26912023755423387,10
0.2691966397737555,10
0.2692348386946407,10
0.2693088449517841,10
0.2693876197882776,10
0.2694258114147682,10
0.2694998035406076,10
0.26957617676705553,10
0.2696191341437984,10
0.2696931119671897,10
0.2697241332967425,10
0.2697957173077684,10
0.26987206793853324,10
0.26991262684020373,10
0.2699937397088048,10
0.2700676898259064,10
0.2701034701774879,10
0.27017741218075353,10
0.2702537336755472,10
0.27029427710054205,10
0.2703682049970289,10
0.270444511932174,10
0.2704826632163269,10
0.270556577187651,10
0.27059472419669167,10
0.2706662459166765,10
0.2707425301134887,10
0.2707782863276244,10
0.27085932901332815,10
0.2709355984829348,10
0.27097134779446647,10
0.27104999178151873,10
0.2711262467113177,10
0.27116437199577276,10
0.27123585298662506,10
0.271314476175503,10
0.2713525942844682,10
0.27142644398606564,10
0.27146693989419785,10
0.27154078115220054,10
0.2716169986674988,10
0.2716527236281754,10
0.27172655116945416,10
0.27179799198791055,10
0.27183371048330845,10
0.27190990567638107,10
0.2719860950641886,10
0.27202180684157945,10
0.272095607140385,10
0.2721717823815641,10
0.27221462840486466,10
0.272290794580455,10
0.2723264954783364,10
0.27240503296753327,10
0.2724835642890772,10
0.27252401741164733,10
0.27259540128320575,10
0.2726667800594707,10
0.27270484665698774,10
0.27278335443821966,10
0.27285947731008686,10
0.27289515791161806,10
0.27297127227348345,10
0.27304738084239366,10
0.27309018936700447,10
0.27316391086386954,10
0.27319720266172487,10
0.27326853849659843,10
0.2733446244452248,10
0.27338742024743856,10
0.2734658744617183,10
0.27353956826873815,10
0.27357522461289696,10
0.2736489103622251,10
0.2737225906823639,10
0.2737629937144981,10
0.27383666562972786,10
0.27391508460811137,10
0.2739531037174707,10
0.2740291376001063,10
0.2740671523736023,10
0.2741408018851135,10
0.2742168214982105,10
0.2742524537026004,10
0.2743284648287657,10
0.2743997200126105,10
0.27444009569647915,10
0.2745208421739579,10
0.2745944582802452,10
0.27463245156968513,10
0.2747036850969621,10
0.27477966193356057,10
0.2748176481872895,10
0.27489599027875483,10
0.27493159829151104,10
0.27500518416685404,10
0.2750835115683114,10
0.275119112904552,10
0.27519505818601325,10
0.2752662516495341,10
0.2753042194243899,10
0.275382523407611,10
0.27545844868768127,10
0.27549403667839895,10
0.2755699534925863,10
0.27564823667135036,10
0.2756861899461294,10
0.27575972031717083,10
0.2757929258093622,10
0.2758664483327833,10
0.27594945113713987,10
0.2759850216586669,10
0.27606090120940135,10
0.27613203305942846,10
0.2761723388619284,10
0.27624820420098817,10
0.27632406378493457,10
0.2763596209840268,10
0.27643073158949244,10
0.27650657732877587,10
0.27654923802927095,10
0.2766250747812192,10
0.2766629910005976,10
0.27673644958479926,10
0.2768075333997554,10
0.2768478119854138,10
0.27692125699468084,10
0.27699706554023545,10
0.2770325988177458,10
0.27711076758415226,10
0.2771865617650901,10
0.27722682508722224,10
0.27729787405420014,10
0.27737128601730465,10
0.27740917395426373,10
0.27748494552196634,10
0.2775251968322111,10
0.277598592109613,10
0.277676716647268,10
0.2777193274590578,10
0.27779034144410847,10
0.2778589835030184,10
0.2778921193624117,10
0.27796548771536067,10
0.278041217143616,10
0.2780814460698759,10
0.2781571667175129,10
0.2782328816319675,10
0.2782707369395227,10
0.27835117471030435,10
0.27838902554018824,10
0.2784599919849174,10
0.2785333186873421,10
0.27856879741961976,10
0.27864684620014707,10
0.27872252404904035,10
0.2787650903223696,10
0.27884075922366963,10
0.27891405801202623,10
0.2789471589296339,10
0.27901808577807646,10
0.2790913715702399,10
0.2791315582729382,10
0.2792119268337461,10
0.27928756193224963,10
0.27932301391549635,10
0.2793939141116833,10
0.27943408865827757,10
0.2795073439707973,10
0.2795829567295412,10
0.2796160355137572,10
0.27969400260459637,10
0.2797719636170424,10
0.27980976070808816,10
0.27988535060458974,10
0.27996093478769046,10
0.28000108656140044,10
0.28007430035160485,10
0.28014750878194267,10
0.28018293029201236,10
0.2802561307704457,10
0.28029863181526954,10
0.2803765457062931,10
0.280449732013876,10
0.2804827821391153,10
0.2805536001580816,10
0.28062913385086535,10
0.280666898557863,10
0.2807400636194545,10
0.2808155832298094,10
0.280850981083995,10
0.2809264923186869,10
0.2810043573079135,10
0.28104446720904797,10
0.2811176046520305,10
0.2811529918171093,10
0.2812284802509018,10
0.28130632173030656,10
0.28134641952174916,10
0.2814218933559501,10
0.2814973614942813,10
0.2815327352236311,10
0.28160583696596125,10
0.2816789333648171,10
0.2817190162184387,10
0.28179681952464697,10
0.28186754455049107,10
0.2819029051877406,10
0.28197833703510233,10
0.2820184078898072,10
0.28209618790674595,10
0.2821668917636708,10
0.28219988518619926,10
0.2822729381767503,10
0.28234834211805576,10
0.2823883981493802,10
0.2824637933853794,10
0.28253918293736563,10
0.28257923132524665,10
0.28265461217524857,10
0.28272763195539713,10
0.28276060688267873,10
0.28283361892381,10
0.2828736555219762,10
0.2829490141821347,10
0.2830220124690622,10
0.28305497769075644,10
0.2831303226884727,10
0.2832056620097483,10
0.28324332954198783,10
0.28331630634834337,10
0.28339163165956666,10
0.28342693844612316,10
0.2835046089889027,10
0.28357992011804056,10
0.28361992684858994,10
0.28369522929383695,10
0.28373523141160145,10
0.28381052517496064,10
0.2838834606024357,10
0.2839234551914084,10
0.2840010871805319,10
0.2840716564866767,10
0.28410458712534586,10
0.284175149128207,10
0.28425040977703636,10
0.2842927414030005,10
0.28437034473010564,10
0.28444323933981674,10
0.28447380646581566,10
0.2845466935343887,10
0.2845866616069574,10
0.2846665929600732,10
0.28474181663299836,10
0.2847794263475921,10
0.28485229114464294,10
0.2849298510626564,10
0.2849651035823339,10
0.28503795485179956,10
0.28511315059575587,10
0.28515544571701984,10
0.2852306326270144,10
0.28529876588159003,10
0.2853316561362105,10
0.2854068297991531,10
0.2854866956246088,10
0.2855266261455078,10
0.2855994365203138,10
0.28563231688744967,10
0.2857027711767359,10
0.2857802651621846,10
0.28581783584203035,10
0.28589532091151815,10
0.2859727999775351,10
0.28600801575044865,10
0.28608079108480705,10
0.2861535611233017,10
0.28619346502532184,10
0.2862709209957488,10
0.286343677200301,10
0.2863765331060358,10
0.28644928162733674,10
0.28648917373093474,10
0.2865689531643084,10
0.2866416876891904,10
0.28667453380514024,10
0.28674491470660785,10
0.2868223279773925,10
0.2868645508720596,10
0.2869419548823297,10
0.2870099716426237,10
0.28704515091031224,10
0.2871201958786996,10
0.28719992498737057,10
0.2872374423684741,10
0.28730778366447113,10
0.2873406079093993,10
0.28742500816358774,10
0.2875023688060479,10
0.28753518666459177,10
0.287605507020723,10
0.28768050995056027,10
0.28772269662660793,10
0.28779769076772577,10
0.2878679926675464,10
0.2879007985294883,10
0.28797812237467757,10
0.2880554402413522,10
0.2880952683246075,10
0.2881632066881391,10
0.28819600286691865,10
0.28827096152257026,10
0.28835059893814396,10
0.2883880731746107,10
0.28845599164904745,10
0.28852858905547835,10
0.2885637149408008,10
0.2886409875457103,10
0.288718254180026,10
0.28875571464168365,10
0.2888282902930528,10
0.2889032015700442,10
0.2889406551042576,10
0.2890178985886326,10
0.2890530072910303,10
0.28912556137018125,10
0.2892027905736237,10
0.28923789278541767,10
0.2893104334520981,10
0.2893829688570121,10
0.28942508377459014,10
0.2895022898505126,10
0.2895748113408845,10
0.28960756125784287,10
0.28968007511445404,10
0.28975726150676523,10
0.28979468306766976,10
0.28986718335711786,10
0.2899022622554102,10
0.28997475474603845,10
0.29005191839732036,10
0.29013141411394594,10
0.2901688216763567,10
0.2902366193167911,10
0.29027168525829755,10
0.290348826001622,10
0.29042596079471117,10
0.2904656945783659,10
0.29053814623736524,10
0.2906152664292225,10
0.29065265589661377,10
0.2907227573802236,10
0.2907578062792828,10
0.2908279003923406,10
0.29090032581463005,10
0.29093536849077273,10
0.291010122095917,10
0.29108487011337736,10
0.291124577725215,10
0.29120165270636383,10
0.291278721747418,10
0.2913114159098781,10
0.2913838063230839,10
0.2914585264146508,10
0.29149821919255503,10
0.29157526538178363,10
0.2916102844146316,10
0.2916826531966381,10
0.2917596851777871,10
0.29179936600390044,10
0.29186705319109174,10
0.29193706959829846,10
0.2919697422440623,10
0.2920467521141988,10
0.2921260894144387,10
0.2921657557042808,10
0.29223808430012255,10
0.29230807473479176,10
0.29234306811521416,10
0.2924177165676931,10
0.2924573712916839,10
0.29252967879921743,10
0.2926089777961266,10
0.29264396064870196,10
0.29271625466617024,10
0.2927908752670872,10
0.2928258517570601,10
0.29290046418052956,10
0.29297273965737525,10
0.2930123723786213,10
0.2930846397679934,10
0.29316156383116027,10
0.29319885821672786,10
0.29327111213099866,10
0.2933060718282978,10
0.2933783179966604,10
0.2934528892122059,10
0.293487842555322,10
0.29356240560423963,10
0.29363696309392345,10
0.293678899239159,10
0.29375577760480953,10
0.29382799129212994,10
0.29386060221586063,10
0.29393513747689665,10
0.2940119961466507,10
0.2940515877015443,10
0.294123780031257,10
0.2941587099327699,10
0.2942355514216232,10
0.2943100587420019,10
0.29434498213753735,10
0.29441249724406804,10
0.2944846635245213,10
0.2945219085994463,10
0.2946010497780394,10
0.294677857285662,10
0.29471509516589983,10
0.2947849124540851,10
0.2948593788558101,10
0.29489660997730877,10
0.29496874133086165,10
0.29500596838097115,10
0.2950804183238885,10
0.2951571890226443,10
0.29519673526441886,10
0.2952665189350683,10
0.29533862361248336,10
0.29537351110613447,10
0.295450259308113,10
0.29552235073868227,10
0.295557231823255,10
0.2956316407374773,10
0.2957060441154251,10
0.2957432437285533,10
0.29581763880363365,10
0.2958548342657916,10
0.29592689653692333,10
0.2960036022809428,10
0.29604079082687484,10
0.29611283969928315,10
0.2961802355581817,10
0.2962197413637973,10
0.29629642464908634,10
0.2963731020544998,10
0.2964079534770803,10
0.296477652678588,10
0.2965543161896983,10
0.2965938072200128,10
0.29666813904661227,10
0.2967401427350905,10
0.2967773039007475,10
0.29685162208946164,10
0.296888779112724,10
0.29695844481029154,10
0.2970327495386607,10
0.29707454352219054,10
0.2971511612889595,10
0.29722080871052403,10
0.2972533091806229,10
0.2973275920032186,10
0.29740651145667285,10
0.29744596884791774,10
0.2975155957406369,10
0.29758289712904346,10
0.2976200269907389,10
0.2976989233696681,10
0.297740689520993,10
0.2978102958969651,10
0.2978798974282269,10
0.29791237648503804,10
0.29799124980293146,10
0.29806779736858213,10
0.298102589779665,10
0.2981721709705055,10
0.2982487046888641,10
0.2982858098379034,10
0.29836001600586154,10
0.29842494188603563,10
0.2984643591139199,10
0.29854087047415534,10
0.29857796478412435,10
0.29864983109427223,10
0.29872169224002476,10
0.29876341569695836,10
0.29883990418026385,10
0.29890943408858195,10
0.2989418797247625,10
0.299013719887384,10
0.2990901892284292,10
0.2991342143783825,10
0.2992083576185224,10
0.2992755451818981,10
0.299310295598617,10
0.2993844257851579,10
0.29942612160029386,10
0.29949792698457045,10
0.29956741115726193,10
0.2996021514331727,10
0.2996855231715912,10
0.2997619411594965,10
0.29979435914777786,10
0.2998615073519939,10
0.29993328148115556,10
0.2999749544180619,10
0.3000490353515155,10
0.3001184812427773,10
0.30015088767499387,10
0.30022495557677664,10
0.30026661636079244,10
0.30034530421767663,10
0.3004124154383509,10
0.30044481234676296,10
0.30051885848216703,10
0.3005928991351468,10
0.30063454459348415,10
0.30070626326200006,10
0.30077797678731744,10
0.3008126750340185,10
0.30088669393662953,10
0.30095839452425804,10
0.3009953992678079,10
0.301064779471351,10
0.3010994677681013,10
0.30117577778567794,10
0.30124976981769475,10
0.3012844516981498,10
0.30136074760144366,10
0.3014370376841166,10
0.3014763363644951,10
0.30154799468839144,10
0.30161964787774026,10
0.30165662816032,10
0.3017328956744405,10
0.3018068464971771,10
0.30184381985787484,10
0.301917762478435,10
0.3019524211997858,10
0.30202635579081105,10
0.30209566450571657,10
0.30213493731196017,10
0.3022088584104612,10
0.30228508382058505,10
0.3023197298136062,10
0.30239363725380947,10
0.3024675392321067,10
0.302502178904465,10
0.30256914553547976,10
0.3026407255960762,10
0.302675359269939,10
0.30275154913049074,10
0.3027931047896848,10
0.30286928568009164,10
0.3029362277325368,10
0.3029708511737641,10
0.30304471050869436,10
0.3031185643888262,10
0.3031531815176157,10
0.3032247197865817,10
0.3033008678045203,10
0.30334009330848655,10
0.3034162325418011,10
0.30349005898969816,10
0.3035223563468543,10
0.3035915614569873,10
0.3036284688908407,10
0.30370227967232283,10
0.303773778671944,10
0.30380837312691755,10
0.303884476715469,10
0.30395826860392916,10
0.3039951625062937,10
0.30406664056889965,10
0.30413811352275744,10
0.30417269537627906,10
0.30424646600038896,10
0.3043202311827953,10
0.304359416722875,10
0.3044354783881782,10
0.30447004995997795,10
0.3045437986521246,10
0.3046152375114376,10
0.3046521071840622,10
0.3047258424514436,10
0.3048018762519605,10
0.3048387390440448,10
0.30491015683701184,10
0.30498387308018904,10
0.3050230326242387,10
0.3050921339613771,10
0.3051612305238506,10
0.30519347395252755,10
0.30526486641650763,10
0.3053385565174272,10
0.30537770217496985,10
0.30545138396178667,10
0.3054905252029604,10
0.30556650088617365,10
0.30563786672475834,10
0.30567239675380153,10
0.3057437550357085,10
0.30581740985702527,10
0.3058588383100928,10
0.3059347860166812,10
0.30600842676950696,10
0.30604294400569243,10
0.30611657679440635,10
0.3061879033885573,10
0.30622701581262374,10
0.3062960340058469,10
0.30633284176124514,10
0.306408753478255,10
0.30648235933731466,10
0.30652146024641574,10
0.3065927579684838,10
0.30666864995812065,10
0.30670314441314056,10
0.30677442918317954,10
0.3068480081322754,10
0.30688709474706916,10
0.30696296440303655,10
0.3070296329854919,10
0.30706181622768036,10
0.30713307543537716,10
0.307174449419422,10
0.30725029727784803,10
0.3073238412226864,10
0.30735601499784515,10
0.30742495531623887,10
0.307500784177429,10
0.30753984528624095,10
0.3076133679404419,10
0.30767769582890114,10
0.30770985822141844,10
0.30778107126675947,10
0.30785457618817674,10
0.3078936234801947,10
0.3079671201292398,10
0.3080015698240765,10
0.30808194783040066,10
0.3081600231363692,10
0.30819446618651136,10
0.3082656447310321,10
0.30833911404385156,10
0.30838043816038213,10
0.3084493078933096,10
0.30851587746025333,10
0.30854801290657147,10
0.3086214614776855,10
0.3086994946739649,10
0.30873850898878097,10
0.308811943570076,10
0.308846364173794,10
0.30892208533181315,10
0.30899550643398865,10
0.3090276264711588,10
0.3090964516483534,10
0.3091698599499479,10
0.30920656208005176,10
0.30928454963419516,10
0.3093556506331942,10
0.3093946393574308,10
0.3094680257736381,10
0.30954369987513025,10
0.30957580230941467,10
0.3096422969308269,10
0.30968127448090943,10
0.30975693244732805,10
0.3098348770929142,10
0.30986926250525026,10
0.3099357376166493,10
0.31000679233224826,10
0.3100457556780586,10
0.31012367781554806,10
0.31019471917883884,10
0.31022680072095543,10
0.31029554341707105,10
0.31037115492517864,10
0.3104101040770658,10
0.3104857069238927,10
0.3105177791321815,10
0.31059108317447404,10
0.3106643818436779,10
0.31070102916361775,10
0.3107743197746651,10
0.3108453149321382,10
0.31088653561393415,10
0.31096210245112005,10
0.31103079462092664,10
0.3110605597625136,10
0.3111315346019629,10
0.31120708292831717,10
0.3112482887007939,10
0.3113192502179352,10
0.3113512957042167,10
0.31142682743043876,10
0.3115023534520498,10
0.3115389700760011,10
0.31160533428969545,10
0.3116785586560513,10
0.3117151688286494,10
0.3117929609954752,10
0.31186388387373826,10
0.31190048726230113,10
0.31197140251517225,10
0.31204688741994274,10
0.3120811968567567,10
0.3121498121991742,10
0.3122184228338495,10
0.3122595869552072,10
0.31233733678373937,10
0.3123762094312345,10
0.3124425181072917,10
0.31251110866285636,10
0.31254540217647026,10
0.3126185577418125,10
0.3126894220926162,10
0.31272599527670447,10
0.31279913763233236,10
0.3128722746385473,10
0.31290884113586953,10
0.3129819701194321,10
0.31305052368492986,10
0.3130893686193839,10
0.31316019961551433,10
0.3131921861628892,10
0.31326529442941053,10
0.3133361129660778,10
0.31337723110535076,10
0.3134503258453031,10
0.3135211312799925,10
0.31355539017446116,10
0.3136261881706791,10
0.3136969811548957,10
0.31373580098635395,10
0.3138065862114519,10
0.31384083532811347,10
0.3139161792560564,10
0.3139915175077195,10
0.3140303259072317,10
0.3141033729267175,10
0.3141741321388547,10
0.3142083686699214,10
0.31428368491258946,10
0.31436127753311377,10
0.31440007158576216,10
0.31447537339201415,10
0.3145461062875176,10
0.31457804853593513,10
0.31464421137639853,10
0.3146829944546619,10
0.31475827496012615,10
0.3148358307661295,10
0.31487232553483663,10
0.3149407496365689,10
0.3150068884848419,10
0.31504565750019375,10
0.3151209107101776,10
0.31519387811202326,10
0.3152303598164526,10
0.31530331923280946,10
0.31537627332647855,10
0.3154150280240657,10
0.3154811355125864,10
0.3155130479085035,10
0.3155837074469437,10
0.3156589201793552,10
0.3156976639248091,10
0.3157705892561389,10
0.31584578793450063,10
0.31588680301210453,10
0.3159551577366958,10
0.3160212295294185,10
0.31605312469456975,10
0.31612146805162206,10
0.31619436248456984,10
0.31623080770854106,10
0.31630369417196286,10
0.31633785787303365,10
0.3164152912746533,10
0.31649044148972083,10
0.31653143013587165,10
0.31660429469207907,10
0.3166748771683009,10
0.31671130488433274,10
0.3167864328580413,10
0.3168547261184337,10
0.3168911472836874,10
0.31696626174792336,10
0.31704137057040016,10
0.3170732332150935,10
0.3171415068924313,10
0.31717791761448266,10
0.31725301054201577,10
0.31733264839461167,10
0.31736677696147686,10
0.31743275555486,10
0.31750555446836837,10
0.3175442267356941,10
0.3176170175349692,10
0.31768297962044123,10
0.3177148218286557,10
0.31778987445081336,10
0.3178671955037827,10
0.31790812775863264,10
0.3179763444603816,10
0.31800817732873043,10
0.31808093436573204,10
0.31815595951624387,10
0.31819460663959553,10
0.3182605306383419,10
0.31833099631419937,10
0.31836963667360496,10
0.31844918565365854,10
0.3185219106124419,10
0.318553726118868,10
0.31862189879574004,10
0.31869688337281094,10
0.31873323750752963,10
0.3188013979481451,10
0.31883320456392394,10
0.31890590160132454,10
0.3189831364133643,10
0.31902175158254326,10
0.3190898923614187,10
0.3191602996220263,10
0.31919436587180106,10
0.3192715784084302,10
0.31934651428719624,10
0.3193805741940345,10
0.3194532314516181,10
0.3195281537198,10
0.3195622074406831,10
0.31963031140367903,10
0.3196643616459498,10
0.3197324586524317,10
0.3198096296543312,10
0.31984367379142337,10
0.31992310560436016,10
0.31998891575571314,10
0.32002295378981577,10
0.32009556439054154,10
0.3201727073773747,10
0.3202090079003332,10
0.32027706782939563,10
0.32034739155676356,10
0.32038368573926385,10
0.32045853833072957,10
0.32049709657011977,10
0.32056286895912134,10
0.32063544036828584,10
0.32066945640344807,10
0.32074428760809526,10
0.3208145784876559,10
0.32085085571825617,10
0.3209256733503129,10
0.32100048538511056,10
0.32103222213332056,10
0.32109795933640767,10
0.3211704919251049,10
0.3212112891944132,10
0.32128607986555846,10
0.3213178075513663,10
0.32139259025665423,10
0.3214673673699074,10
0.32150135511846006,10
0.3215715928050862,10
0.32163956006301864,10
0.3216780727920467,10
0.32175282856158466,10
0.3218253136681921,10
0.32185702425024243,10
0.32192497211160964,10
0.3220019741069053,10
0.322040472881177,10
0.32211067271295274,10
0.32214237424753606,10
0.3222103027234057,10
0.32228501871775755,10
0.32232350659691034,10
0.3223982141339169,10
0.32246838885768925,10
0.3225000790543295,10
0.32257477340169977,10
0.322647198956183,10
0.3226834097664718,10
0.3227580904218405,10
0.3228305027011844,10
0.3228644441521847,10
0.3229323235983145,10
0.32296852408566756,10
0.32303865880090965,10
0.3231133129317498,10
0.32315176894542674,10
0.32322415272425353,10
0.3232942695139736,10
0.32332819522797196,10
0.32340282774765694,10
0.3234729320108164,10
0.32350685166420584,10
0.32357468751955154,10
0.3236470406935135,10
0.32368321531747085,10
0.3237578213468031,10
0.3237962525837172,10
0.32386858972909893,10
0.3239409216421965,10
0.3239725652090619,10
0.32404262954397106,10
0.3241149488699865,10
0.32415336638476216,10
0.3242279373475418,10
0.32429572430671255,10
0.3243273566485252,10
0.3243973961304875,10
0.3244719488986325,10
0.32451035270106543,10
0.3245826382107888,10
0.3246526598158708,10
0.3246887980808766,10
0.3247610706932016,10
0.3247972050407096,10
0.3248694698188882,10
0.32493947134314344,10
0.3249755992449518,10
0.3250501089205193,10
0.32512009780134654,10
0.3251517040774525,10
0.32522168584835853,10
0.32529843441782547,10
0.32533906362887954,10
0.3254090322897191,10
0.32547222558222355,10
0.3255060774891611,10
0.3255760344656492,10
0.3256143958912096,10
0.3256866016415264,10
0.32575880217854924,10
0.3257949004923106,10
0.08508191260315537,100
0.08599419316686101,100
0.08642709174491277,100
0.08733241920006395,100
0.08823120561275552,100
0.0887003145146903,100
0.08959501568560387,100
0.0900206466756798,100
0.09092558148650076,100
0.0918781607951569,100
0.09230567078402614,100
0.09321138797168488,100
0.09411344127106626,100
0.09458832842320349,100
0.09549198145922072,100
0.09639481864361957,100
0.09682323909802792,100
0.09772487571451798,100
0.09862853161627667,100
0.09910127994887707,100
0.09999803824210468,100
0.10042209169050097,100
0.10130919513012258,100
0.10218704803182725,100
0.1026496570987525,100
0.1035319698865232,100
0.10441913519825025,100
0.10484131839825248,100
0.1057357577457071,100
0.10663220671588099,100
0.10710399491420111,100
0.10800482887790584,100
0.10889644438715536,100
0.10931674196402254,100
0.11020439013283308,100
0.11066890121529721,100
0.11155255535018949,100
0.11243263665386016,100
0.11289890546487634,100
0.11378059211031208,100
0.11465592912911864,100
0.11507102815291029,100
0.11595080258650556,100
0.11682702326657456,100
0.11728568977820081,100
0.11816351881903935,100
0.11904335223480315,100
0.11946495377212729,100
0.12035472602420123,100
0.12082285516437069,100
0.12170865365885568,100
0.12258813929944935,100
0.12300272269054383,100
0.12387554965554075,100
0.12474209844485289,100
0.1251971497287102,100
0.1260625545385883,100
0.12693271604148676,100
0.12734550252116092,100
0.12821454885257005,100
0.12908558716050966,100
0.12954141197790317,100
0.13041129580585653,100
0.13082539095218915,100
0.1317434671128497,100
0.13261964898758258,100
0.13303283086325932,100
0.1338996841718641,100
0.13476851769463993,100
0.13522448977629833,100
0.13608671874603626,100
0.13694275480634824,100
0.1373459828154517,100
0.13820638529726187,100
0.13906604812299744,100
0.13951734724681764,100
0.14037588430901804,100
0.14078044526408653,100
0.14164061135358808,100
0.14250003819322024,100
0.1429552080363234,100
0.1438216254816867,100
0.14468188480281552,100
0.14508470781351154,100
0.14593577974263078,100
0.14679152469109014,100
0.14724474580600244,100
0.14810206665015999,100
0.1489505755477831,100
0.14934899158014564,100
0.1501910651754779,100
0.15063737252733056,100
0.1514810481008423,100
0.15232669595100923,100
0.15277205138419456,100
0.15361660866521235,100
0.15446313100930342,100
0.1548647105609153,100
0.15571820062435052,100
0.15657630704209666,100
0.1570304578546845,100
0.15789010801401276,100
0.15874368722997179,100
0.15914355181449555,100
0.15998274735500134,100
0.16042204507146132,100
0.16124953040154677,100
0.1620843038117133,100
0.16248283509637979,100
0.1633192341685439,100
0.16415758616628337,100
0.16459505410884903,100
0.16542968912373646,100
0.16626627442215405,100
0.1666631428707655,100
0.16750662648143883,100
0.16835468082887556,100
0.1688008754431318,100
0.16965047074916723,100
0.1700512713008871,100
0.1709340478616039,100
0.171766042854438,100
0.17215810427364392,100
0.17298119612114568,100
0.17380098459858143,100
0.17423425504883136,100
0.175053017346482,100
0.17587635184508155,100
0.1762668053919666,100
0.1770943771970028,100
0.17792126469322234,100
0.17835798303644956,100
0.179191663785027,100
0.1795860478653799,100
0.18042131497753436,100
0.1812610988738284,100
0.18170417875534683,100
0.18253247204976814,100
0.1833522754209609,100
0.18373982141438544,100
0.18455863599864064,100
0.18537937689319256,100
0.18581025586699518,100
0.1866299705691852,100
0.18744383217988467,100
0.18782979605172306,100
0.18868408541263648,100
0.1890695709804582,100
0.18988920394973147,100
0.19071333049333458,100
0.19114966165236502,100
0.1919804879336238,100
0.19280547051398664,100
0.1931945229443525,100
0.19400820940068353,100
0.19481866248829585,100
0.195242923541196,100
0.19605751426727125,100
0.19686630886085563,100
0.19725121934825995,100
0.19805904944526492,100
0.19848450066063017,100
0.1992913354915299,100
0.20010263641988768,100
0.20091327967258574,100
0.2013400736513022,100
0.20215482087572528,100
0.2025402535669754,100
0.20335657389557016,100
0.20416968050448325,100
0.20459508722646597,100
0.2053970088262379,100
0.20619574513565353,100
0.20661774935687421,100
0.20742059084897344,100
0.20779892236075645,100
0.20859827987217383,100
0.20939446431459716,100
0.2098151211028771,100
0.21065084135239473,100
0.21106843971236666,100
0.21186771736983293,100
0.21267140934129666,100
0.213052810604039,100
0.21386059771529292,100
0.21467025410958746,100
0.21509373833230663,100
0.21589736097523687,100
0.21669278981874718,100
0.21706763023294476,100
0.21786212912447386,100
0.21865599728859356,100
0.2190727769437282,100
0.21986317676406714,100
0.22023432361207482,100
0.22106138510988524,100
0.22184520883225894,100
0.22221812323770893,100
0.2230085422008895,100
0.2238033336099944,100
0.2242229685337739,100
0.2250267769311679,100
0.22583492631316765,100
0.22621632550438878,100
0.22701355318749214,100
0.22780019231256812,100
0.22821069164722835,100
0.22898396285903075,100
0.2293517405664045,100
0.2301315780818354,100
0.23091328857857035,100
0.2313249918703236,100
0.232105770383306,100
0.232885939756774,100
0.2332547603149036,100
0.23403897997617087,100
0.23482752705114265,100
0.23524503213088208,100
0.2360375650803807,100
0.2368319364340005,100
0.237204234962544,100
0.23798536468334186,100
0.23839170507658142,100
0.23916944788966882,100
0.23994658628892077,100
0.24035458804456414,100
0.24112589544878796,100
0.2418941548391508,100
0.24225966850643976,100
0.2430246069073593,100
0.24379630734461302,100
0.2442027417453308,100
0.2449759799142848,100
0.24575350887851008,100
0.24612494450590058,100
0.24690646357444523,100
0.24731895700541734,100
0.24810442060346216,100
0.24888439480636015,100
0.24924979839868913,100
0.25001427789601355,100
0.2507781734108505,100
0.2511817805947018,100
0.25194721414080845,100
0.2527096350826418,100
0.2530687912636248,100
0.2538279334452047,100
0.2545864997670644,100
0.25498857311453416,100
0.25575593904168636,100
0.25612125971140703,100
0.2569385139761506,100
0.2577188759539003,100
0.2580883086615887,100
0.25886777424831425,100
0.2596369911439075,100
0.2600370393478208,100
0.2607909120127697,100
0.2615466225971549,100
0.26190261946429344,100
0.2626598938417441,100
0.26341659518862603,100
0.2638151345232506,100
0.2645709625327862,100
0.26492828225500087,100
0.2656856655798789,100
0.2664448697692161,100
0.2668469904826545,100
0.2676124876506171,100
0.2683821781391954,100
0.26874769311922553,100
0.2695093505129047,100
0.27026565838294475,100
0.27065909397486476,100
0.27140500431194786,100
0.27215273911526255,100
0.27254781260168887,100
0.2732946936944105,100
0.2736489103622251,100
0.2743949698249779,100
0.2751404730979338,100
0.275534368203541,100
0.2762837640974887,100
0.2770397053217368,100
0.2773973341281669,100
0.2781571667175129,100
0.2789164223996202,100
0.27931592361939367,100
0.2800695770430217,100
0.2808155832298094,100
0.281167146332518,100
0.28190997716514793,100
0.28273469810278057,100
0.28308794182578045,100
0.2838293477300289,100
0.28422218769749064,100
0.28496275345301814,100
0.2857027711767359,100
0.28605496818529325,100
0.2868012158615002,100
0.2875515951899931,100
0.2879453190493547,100
0.2886948406788635,100
0.2890459856491596,100
0.2897900054491389,100
0.29052879793116143,100
0.29091667921631326,100
0.2916499711694158,100
0.29238272579942054,100
0.29273257839842876,100
0.29346687069606103,100
0.2942029527232397,100
0.29458941176222797,100
0.2953246682742174,100
0.29605938458123326,100
0.2964079534770803,100
0.2971441962800036,100
0.29753416209330064,100
0.298276533679717,100
0.29901603722605946,100
0.29936589375369926,100
0.30009764798178085,100
0.30082886713713003,100
0.30121277448603906,100
0.30194548955161327,100
0.30267074151606066,100
0.3030123977209059,100
0.30373687660081095,100
0.3044585262355102,100
0.3048387390440448,100
0.30556419867754986,100
0.30590947075537445,100
0.3066364540598754,100
0.3074019757381889,100
0.30774891116457953,100
0.30848144547890743,100
0.30922032503156277,100
0.3096079037131659,100
0.3103436604927994,100
0.31106971808937894,100
0.3114130948136425,100
0.31213380237371524,100
0.31285627637550134,100
0.3132378794558072,100
0.3139595565183872,100
0.3142996603560509,100
0.31502057183835835,100
0.3157386850780561,100
0.31611691197312997,100
0.31683879144150334,100
0.31756469968353773,100
0.31791040172366597,100
0.3186400773913531,100
0.3193646797152084,100
0.3197438077026866,100
0.32046534283394973,100
0.32118409119981045,100
0.32152174721312543,100
0.322230680366415,100
0.32260193359933725,100
0.3233101016570694,100
0.32402002868197316,100
0.32435672864142834,100
0.32506817103613533,100
0.3257813637773553,100
0.32615581197817584,100
0.326868229719553,100
0.32758464443264035,100
0.3279246491419413,100
0.3286448070676841,100
0.32936669480164266,100
0.32974654477670984,100
0.33046314672153365,100
0.33079992946168285,100
0.33154269566025235,100
0.33224680418483693,100
0.3325807460125849,100
0.3332863635411759,100
0.3339914835247262,100
0.3343606337562812,100
0.3350627616350048,100
0.3357666305969659,100
0.3360993992688614,100
0.3368070020095984,100
0.3375163342187077,100
0.3378908727381299,100
0.33860834637055837,100
0.33894685080775333,100
0.3396613424417596,100
0.340368653576922,100
0.34073768023995143,100
0.34143534641944334,100
0.3421347457416709,100
0.34246762118941076,100
0.34317073365537143,100
0.3438689207247167,100
0.3442388730671125,100
0.34493631503334227,100
0.34563105912332676,100
0.34596277295905636,100
0.3466656425968392,100
0.34740996880067354,100
0.34774550742056387,100
0.34844933115391497,100
0.34881979790214634,100
0.3495206629922718,100
0.3502166338776859,100
0.3505468303475838,100
0.35123768882168643,100
0.3519258724289622,100
0.35229065949405425,100
0.3530198346579765,100
0.3533842229506565,100
0.35407751102864077,100
0.35476593544096113,100
0.3550924424434925,100
0.35578454765358575,100
0.3564783621177923,100
0.3568436797020528,100
0.35754331679386503,100
0.35824464880717377,100
0.35857875553882007,100
0.359274998365798,100
0.3599685764713,100
0.3603304419572057,100
0.36101457659717884,100
0.3613368727422146,100
0.3620181435889515,100
0.36270112498141965,100
0.3630598296050553,100
0.363744272251039,100
0.3644260761480991,100
0.36475161464590106,100
0.3654392375693189,100
0.3661285549123511,100
0.3664946969600557,100
0.36718761664807664,100
0.36788221965414125,100
0.36821095999765086,100
0.36889837004534176,100
0.3692570191089207,100
0.3699372346878991,100
0.37061914509921406,100
0.37094267406974146,100
0.37162605447943947,100
0.37230681463042115,100
0.3726620907536816,100
0.3733356921685352,100
0.3740109900564716,100
0.3743312744889796,100
0.37501019614687614,100
0.3756929497744942,100
0.3760556072206181,100
0.3767462238700513,100
0.37707206360694606,100
0.37779410618311904,100
0.378470681709187,100
0.37878954117939323,100
0.379461167352714,100
0.38013234274705626,100
0.3804848499851162,100
0.3811596080800555,100
0.38183177802992035,100
0.38214956775177744,100
0.38282107283301703,100
0.38349212729775684,100
0.38384771011131036,100
0.3845180762307877,100
0.3848392670645079,100
0.38551534498804024,100
0.38619733775050774,100
0.3865562063203393,100
0.3872374898338434,100
0.38791406908358034,100
0.3882320516353774,100
0.3888973679182142,100
0.3895580083823302,100
0.38990932518904536,100
0.390573526860007,100
0.39123940084418235,100
0.3915542154072727,100
0.39221943691360056,100
0.39256982012243163,100
0.39323436659393807,100
0.3939047944278893,100
0.3942208780283109,100
0.3948969614461065,100
0.39557048403667805,100
0.3959260051891978,100
0.39660093716969314,100
0.39726911250862634,100
0.3975841346572884,100
0.39824325989185105,100
0.3989040480158354,100
0.39925000094662433,100
0.39991221931846416,100
0.4002243157818445,100
0.40091518957621936,100
0.4015721236009915,100
0.40188161171430875,100
0.40254209025082094,100
0.40320422089437535,100
0.4035549515869061,100
0.40422475585591916,100
